id,creation_time,property1,property2,property3,property4,property5,failed,time_of_death,type,origin_id,network_id,contents
1,2018-01-09 12:59:19.353074,,,,,,f,,info,1,1,"{""turn"": 0, ""fails"": [[""fail"", ""success"", ""fail"", ""fail"", ""fail"", ""success"", ""fail"", ""success""], [""success"", ""success"", ""fail"", ""success"", ""success"", ""success"", ""success"", ""fail""], [""fail"", ""fail"", ""success"", ""success"", ""fail"", ""success"", ""success"", ""success""], [""fail"", ""fail"", ""fail"", ""success"", ""success"", ""success"", ""fail"", ""fail""], [""success"", ""success"", ""fail"", ""success"", ""success"", ""fail"", ""success"", ""success""], [""success"", ""success"", ""success"", ""fail"", ""fail"", ""success"", ""fail"", ""success""], [""success"", ""success"", ""fail"", ""success"", ""success"", ""success"", ""fail"", ""fail""], [""success"", ""fail"", ""fail"", ""success"", ""success"", ""fail"", ""success"", ""success""], [""fail"", ""success"", ""fail"", ""fail"", ""success"", ""fail"", ""fail"", ""success""], [""fail"", ""success"", ""fail"", ""success"", ""success"", ""success"", ""success"", ""fail""], [""success"", ""fail"", ""fail"", ""success"", ""fail"", ""success"", ""fail"", ""fail""], [""success"", ""success"", ""success"", ""success"", ""fail"", ""fail"", ""fail"", ""fail""], [""fail"", ""fail"", ""success"", ""success"", ""fail"", ""success"", ""fail"", ""fail""], [""fail"", ""fail"", ""fail"", ""fail"", ""fail"", ""success"", ""fail"", ""fail""], [""fail"", ""success"", ""success"", ""fail"", ""fail"", ""fail"", ""success"", ""fail""], [""fail"", ""success"", ""success"", ""fail"", ""success"", ""success"", ""success"", ""fail""], [""success"", ""fail"", ""fail"", ""fail"", ""success"", ""success"", ""success"", ""success""], [""fail"", ""fail"", ""fail"", ""fail"", ""success"", ""success"", ""fail"", ""success""], [""success"", ""success"", ""fail"", ""fail"", ""success"", ""success"", ""success"", ""success""], [""fail"", ""success"", ""success"", ""fail"", ""fail"", ""success"", ""success"", ""success""]], ""action"": """", ""set"": 2, ""part_probs"": [0.4, 0.6, 0.4, 0.6, 0.6, 0.6, 0.4, 0.4]}"
2,2018-01-09 12:59:19.393177,,,,,,f,,info,1,1,"{""turn"": 0, ""fails"": [[""fail"", ""success"", ""fail"", ""fail"", ""fail"", ""success"", ""fail"", ""success""], [""success"", ""success"", ""fail"", ""success"", ""success"", ""success"", ""success"", ""fail""], [""fail"", ""fail"", ""success"", ""success"", ""fail"", ""success"", ""success"", ""success""], [""fail"", ""fail"", ""fail"", ""success"", ""success"", ""success"", ""fail"", ""fail""], [""success"", ""success"", ""fail"", ""success"", ""success"", ""fail"", ""success"", ""success""], [""success"", ""success"", ""success"", ""fail"", ""fail"", ""success"", ""fail"", ""success""], [""success"", ""success"", ""fail"", ""success"", ""success"", ""success"", ""fail"", ""fail""], [""success"", ""fail"", ""fail"", ""success"", ""success"", ""fail"", ""success"", ""success""], [""fail"", ""success"", ""fail"", ""fail"", ""success"", ""fail"", ""fail"", ""success""], [""fail"", ""success"", ""fail"", ""success"", ""success"", ""success"", ""success"", ""fail""], [""success"", ""fail"", ""fail"", ""success"", ""fail"", ""success"", ""fail"", ""fail""], [""success"", ""success"", ""success"", ""success"", ""fail"", ""fail"", ""fail"", ""fail""], [""fail"", ""fail"", ""success"", ""success"", ""fail"", ""success"", ""fail"", ""fail""], [""fail"", ""fail"", ""fail"", ""fail"", ""fail"", ""success"", ""fail"", ""fail""], [""fail"", ""success"", ""success"", ""fail"", ""fail"", ""fail"", ""success"", ""fail""], [""fail"", ""success"", ""success"", ""fail"", ""success"", ""success"", ""success"", ""fail""], [""success"", ""fail"", ""fail"", ""fail"", ""success"", ""success"", ""success"", ""success""], [""fail"", ""fail"", ""fail"", ""fail"", ""success"", ""success"", ""fail"", ""success""], [""success"", ""success"", ""fail"", ""fail"", ""success"", ""success"", ""success"", ""success""], [""fail"", ""success"", ""success"", ""fail"", ""fail"", ""success"", ""success"", ""success""]], ""action"": """", ""set"": 2, ""part_probs"": [0.4, 0.6, 0.4, 0.6, 0.6, 0.6, 0.4, 0.4]}"
3,2018-01-09 12:59:28.36532,,,,,,f,,info,3,1,"{""set"":2,""fails"":[[""fail"",""success"",""fail"",""fail"",""fail"",""success"",""fail"",""success""],[""success"",""success"",""fail"",""success"",""success"",""success"",""success"",""fail""],[""fail"",""fail"",""success"",""success"",""fail"",""success"",""success"",""success""],[""fail"",""fail"",""fail"",""success"",""success"",""success"",""fail"",""fail""],[""success"",""success"",""fail"",""success"",""success"",""fail"",""success"",""success""],[""success"",""success"",""success"",""fail"",""fail"",""success"",""fail"",""success""],[""success"",""success"",""fail"",""success"",""success"",""success"",""fail"",""fail""],[""success"",""fail"",""fail"",""success"",""success"",""fail"",""success"",""success""],[""fail"",""success"",""fail"",""fail"",""success"",""fail"",""fail"",""success""],[""fail"",""success"",""fail"",""success"",""success"",""success"",""success"",""fail""],[""success"",""fail"",""fail"",""success"",""fail"",""success"",""fail"",""fail""],[""success"",""success"",""success"",""success"",""fail"",""fail"",""fail"",""fail""],[""fail"",""fail"",""success"",""success"",""fail"",""success"",""fail"",""fail""],[""fail"",""fail"",""fail"",""fail"",""fail"",""success"",""fail"",""fail""],[""fail"",""success"",""success"",""fail"",""fail"",""fail"",""success"",""fail""],[""fail"",""success"",""success"",""fail"",""success"",""success"",""success"",""fail""],[""success"",""fail"",""fail"",""fail"",""success"",""success"",""success"",""success""],[""fail"",""fail"",""fail"",""fail"",""success"",""success"",""fail"",""success""],[""success"",""success"",""fail"",""fail"",""success"",""success"",""success"",""success""],[""fail"",""success"",""success"",""fail"",""fail"",""success"",""success"",""success""]],""turn"":1,""action"":[1,1,1,0,1,1,0,0],""viewed_fails"":[""0"",""0"",""0"",""0"",""0"",""0"",""0"",""0""]}"
4,2018-01-09 12:59:28.540208,,,,,,f,,info,2,2,"{""turn"": 0, ""fails"": [[""success"", ""fail"", ""success"", ""success"", ""success"", ""fail"", ""success"", ""fail""], [""success"", ""success"", ""fail"", ""fail"", ""success"", ""fail"", ""fail"", ""success""], [""fail"", ""success"", ""fail"", ""fail"", ""fail"", ""fail"", ""fail"", ""success""], [""fail"", ""success"", ""fail"", ""fail"", ""success"", ""fail"", ""fail"", ""success""], [""fail"", ""fail"", ""fail"", ""fail"", ""success"", ""success"", ""success"", ""fail""], [""fail"", ""fail"", ""fail"", ""success"", ""success"", ""fail"", ""fail"", ""fail""], [""fail"", ""success"", ""fail"", ""fail"", ""success"", ""fail"", ""success"", ""fail""], [""success"", ""success"", ""success"", ""fail"", ""fail"", ""fail"", ""success"", ""fail""], [""success"", ""success"", ""success"", ""fail"", ""success"", ""success"", ""success"", ""fail""], [""fail"", ""success"", ""fail"", ""fail"", ""fail"", ""success"", ""fail"", ""success""], [""fail"", ""success"", ""success"", ""fail"", ""fail"", ""success"", ""success"", ""success""], [""fail"", ""fail"", ""fail"", ""success"", ""success"", ""fail"", ""success"", ""fail""], [""fail"", ""fail"", ""fail"", ""fail"", ""success"", ""fail"", ""success"", ""fail""], [""fail"", ""success"", ""success"", ""fail"", ""success"", ""success"", ""success"", ""success""], [""fail"", ""success"", ""fail"", ""fail"", ""success"", ""fail"", ""fail"", ""success""], [""fail"", ""fail"", ""fail"", ""success"", ""success"", ""fail"", ""fail"", ""fail""], [""success"", ""success"", ""fail"", ""fail"", ""success"", ""fail"", ""success"", ""success""], [""success"", ""fail"", ""success"", ""fail"", ""success"", ""fail"", ""fail"", ""fail""], [""success"", ""success"", ""fail"", ""fail"", ""fail"", ""success"", ""success"", ""success""], [""fail"", ""success"", ""fail"", ""success"", ""fail"", ""fail"", ""fail"", ""fail""]], ""action"": """", ""set"": 3, ""part_probs"": [0.4, 0.6, 0.4, 0.4, 0.6, 0.4, 0.6, 0.6]}"
5,2018-01-09 12:59:28.571814,,,,,,f,,info,2,2,"{""turn"": 0, ""fails"": [[""success"", ""fail"", ""success"", ""success"", ""success"", ""fail"", ""success"", ""fail""], [""success"", ""success"", ""fail"", ""fail"", ""success"", ""fail"", ""fail"", ""success""], [""fail"", ""success"", ""fail"", ""fail"", ""fail"", ""fail"", ""fail"", ""success""], [""fail"", ""success"", ""fail"", ""fail"", ""success"", ""fail"", ""fail"", ""success""], [""fail"", ""fail"", ""fail"", ""fail"", ""success"", ""success"", ""success"", ""fail""], [""fail"", ""fail"", ""fail"", ""success"", ""success"", ""fail"", ""fail"", ""fail""], [""fail"", ""success"", ""fail"", ""fail"", ""success"", ""fail"", ""success"", ""fail""], [""success"", ""success"", ""success"", ""fail"", ""fail"", ""fail"", ""success"", ""fail""], [""success"", ""success"", ""success"", ""fail"", ""success"", ""success"", ""success"", ""fail""], [""fail"", ""success"", ""fail"", ""fail"", ""fail"", ""success"", ""fail"", ""success""], [""fail"", ""success"", ""success"", ""fail"", ""fail"", ""success"", ""success"", ""success""], [""fail"", ""fail"", ""fail"", ""success"", ""success"", ""fail"", ""success"", ""fail""], [""fail"", ""fail"", ""fail"", ""fail"", ""success"", ""fail"", ""success"", ""fail""], [""fail"", ""success"", ""success"", ""fail"", ""success"", ""success"", ""success"", ""success""], [""fail"", ""success"", ""fail"", ""fail"", ""success"", ""fail"", ""fail"", ""success""], [""fail"", ""fail"", ""fail"", ""success"", ""success"", ""fail"", ""fail"", ""fail""], [""success"", ""success"", ""fail"", ""fail"", ""success"", ""fail"", ""success"", ""success""], [""success"", ""fail"", ""success"", ""fail"", ""success"", ""fail"", ""fail"", ""fail""], [""success"", ""success"", ""fail"", ""fail"", ""fail"", ""success"", ""success"", ""success""], [""fail"", ""success"", ""fail"", ""success"", ""fail"", ""fail"", ""fail"", ""fail""]], ""action"": """", ""set"": 3, ""part_probs"": [0.4, 0.6, 0.4, 0.4, 0.6, 0.4, 0.6, 0.6]}"
6,2018-01-09 12:59:37.617992,,,,,,f,,info,4,2,"{""set"":3,""fails"":[[""success"",""fail"",""success"",""success"",""success"",""fail"",""success"",""fail""],[""success"",""success"",""fail"",""fail"",""success"",""fail"",""fail"",""success""],[""fail"",""success"",""fail"",""fail"",""fail"",""fail"",""fail"",""success""],[""fail"",""success"",""fail"",""fail"",""success"",""fail"",""fail"",""success""],[""fail"",""fail"",""fail"",""fail"",""success"",""success"",""success"",""fail""],[""fail"",""fail"",""fail"",""success"",""success"",""fail"",""fail"",""fail""],[""fail"",""success"",""fail"",""fail"",""success"",""fail"",""success"",""fail""],[""success"",""success"",""success"",""fail"",""fail"",""fail"",""success"",""fail""],[""success"",""success"",""success"",""fail"",""success"",""success"",""success"",""fail""],[""fail"",""success"",""fail"",""fail"",""fail"",""success"",""fail"",""success""],[""fail"",""success"",""success"",""fail"",""fail"",""success"",""success"",""success""],[""fail"",""fail"",""fail"",""success"",""success"",""fail"",""success"",""fail""],[""fail"",""fail"",""fail"",""fail"",""success"",""fail"",""success"",""fail""],[""fail"",""success"",""success"",""fail"",""success"",""success"",""success"",""success""],[""fail"",""success"",""fail"",""fail"",""success"",""fail"",""fail"",""success""],[""fail"",""fail"",""fail"",""success"",""success"",""fail"",""fail"",""fail""],[""success"",""success"",""fail"",""fail"",""success"",""fail"",""success"",""success""],[""success"",""fail"",""success"",""fail"",""success"",""fail"",""fail"",""fail""],[""success"",""success"",""fail"",""fail"",""fail"",""success"",""success"",""success""],[""fail"",""success"",""fail"",""success"",""fail"",""fail"",""fail"",""fail""]],""turn"":1,""action"":[0,0,1,1,0,1,0,0],""viewed_fails"":[""0"",""0"",""0"",""0"",""0"",""0"",""0"",""0""]}"
7,2018-01-09 13:05:46.634528,,,,,,f,,info,2,2,"{""turn"": 0, ""fails"": [[""success"", ""fail"", ""success"", ""success"", ""success"", ""fail"", ""success"", ""fail""], [""success"", ""success"", ""fail"", ""fail"", ""success"", ""fail"", ""fail"", ""success""], [""fail"", ""success"", ""fail"", ""fail"", ""fail"", ""fail"", ""fail"", ""success""], [""fail"", ""success"", ""fail"", ""fail"", ""success"", ""fail"", ""fail"", ""success""], [""fail"", ""fail"", ""fail"", ""fail"", ""success"", ""success"", ""success"", ""fail""], [""fail"", ""fail"", ""fail"", ""success"", ""success"", ""fail"", ""fail"", ""fail""], [""fail"", ""success"", ""fail"", ""fail"", ""success"", ""fail"", ""success"", ""fail""], [""success"", ""success"", ""success"", ""fail"", ""fail"", ""fail"", ""success"", ""fail""], [""success"", ""success"", ""success"", ""fail"", ""success"", ""success"", ""success"", ""fail""], [""fail"", ""success"", ""fail"", ""fail"", ""fail"", ""success"", ""fail"", ""success""], [""fail"", ""success"", ""success"", ""fail"", ""fail"", ""success"", ""success"", ""success""], [""fail"", ""fail"", ""fail"", ""success"", ""success"", ""fail"", ""success"", ""fail""], [""fail"", ""fail"", ""fail"", ""fail"", ""success"", ""fail"", ""success"", ""fail""], [""fail"", ""success"", ""success"", ""fail"", ""success"", ""success"", ""success"", ""success""], [""fail"", ""success"", ""fail"", ""fail"", ""success"", ""fail"", ""fail"", ""success""], [""fail"", ""fail"", ""fail"", ""success"", ""success"", ""fail"", ""fail"", ""fail""], [""success"", ""success"", ""fail"", ""fail"", ""success"", ""fail"", ""success"", ""success""], [""success"", ""fail"", ""success"", ""fail"", ""success"", ""fail"", ""fail"", ""fail""], [""success"", ""success"", ""fail"", ""fail"", ""fail"", ""success"", ""success"", ""success""], [""fail"", ""success"", ""fail"", ""success"", ""fail"", ""fail"", ""fail"", ""fail""]], ""action"": """", ""set"": 3, ""part_probs"": [0.4, 0.6, 0.4, 0.4, 0.6, 0.4, 0.6, 0.6]}"
8,2018-01-09 13:05:46.674469,,,,,,f,,info,2,2,"{""turn"": 0, ""fails"": [[""success"", ""fail"", ""success"", ""success"", ""success"", ""fail"", ""success"", ""fail""], [""success"", ""success"", ""fail"", ""fail"", ""success"", ""fail"", ""fail"", ""success""], [""fail"", ""success"", ""fail"", ""fail"", ""fail"", ""fail"", ""fail"", ""success""], [""fail"", ""success"", ""fail"", ""fail"", ""success"", ""fail"", ""fail"", ""success""], [""fail"", ""fail"", ""fail"", ""fail"", ""success"", ""success"", ""success"", ""fail""], [""fail"", ""fail"", ""fail"", ""success"", ""success"", ""fail"", ""fail"", ""fail""], [""fail"", ""success"", ""fail"", ""fail"", ""success"", ""fail"", ""success"", ""fail""], [""success"", ""success"", ""success"", ""fail"", ""fail"", ""fail"", ""success"", ""fail""], [""success"", ""success"", ""success"", ""fail"", ""success"", ""success"", ""success"", ""fail""], [""fail"", ""success"", ""fail"", ""fail"", ""fail"", ""success"", ""fail"", ""success""], [""fail"", ""success"", ""success"", ""fail"", ""fail"", ""success"", ""success"", ""success""], [""fail"", ""fail"", ""fail"", ""success"", ""success"", ""fail"", ""success"", ""fail""], [""fail"", ""fail"", ""fail"", ""fail"", ""success"", ""fail"", ""success"", ""fail""], [""fail"", ""success"", ""success"", ""fail"", ""success"", ""success"", ""success"", ""success""], [""fail"", ""success"", ""fail"", ""fail"", ""success"", ""fail"", ""fail"", ""success""], [""fail"", ""fail"", ""fail"", ""success"", ""success"", ""fail"", ""fail"", ""fail""], [""success"", ""success"", ""fail"", ""fail"", ""success"", ""fail"", ""success"", ""success""], [""success"", ""fail"", ""success"", ""fail"", ""success"", ""fail"", ""fail"", ""fail""], [""success"", ""success"", ""fail"", ""fail"", ""fail"", ""success"", ""success"", ""success""], [""fail"", ""success"", ""fail"", ""success"", ""fail"", ""fail"", ""fail"", ""fail""]], ""action"": """", ""set"": 3, ""part_probs"": [0.4, 0.6, 0.4, 0.4, 0.6, 0.4, 0.6, 0.6]}"
9,2018-01-09 13:06:19.862908,,,,,,f,,info,5,2,"{""set"":3,""fails"":[[""success"",""fail"",""success"",""success"",""success"",""fail"",""success"",""fail""],[""success"",""success"",""fail"",""fail"",""success"",""fail"",""fail"",""success""],[""fail"",""success"",""fail"",""fail"",""fail"",""fail"",""fail"",""success""],[""fail"",""success"",""fail"",""fail"",""success"",""fail"",""fail"",""success""],[""fail"",""fail"",""fail"",""fail"",""success"",""success"",""success"",""fail""],[""fail"",""fail"",""fail"",""success"",""success"",""fail"",""fail"",""fail""],[""fail"",""success"",""fail"",""fail"",""success"",""fail"",""success"",""fail""],[""success"",""success"",""success"",""fail"",""fail"",""fail"",""success"",""fail""],[""success"",""success"",""success"",""fail"",""success"",""success"",""success"",""fail""],[""fail"",""success"",""fail"",""fail"",""fail"",""success"",""fail"",""success""],[""fail"",""success"",""success"",""fail"",""fail"",""success"",""success"",""success""],[""fail"",""fail"",""fail"",""success"",""success"",""fail"",""success"",""fail""],[""fail"",""fail"",""fail"",""fail"",""success"",""fail"",""success"",""fail""],[""fail"",""success"",""success"",""fail"",""success"",""success"",""success"",""success""],[""fail"",""success"",""fail"",""fail"",""success"",""fail"",""fail"",""success""],[""fail"",""fail"",""fail"",""success"",""success"",""fail"",""fail"",""fail""],[""success"",""success"",""fail"",""fail"",""success"",""fail"",""success"",""success""],[""success"",""fail"",""success"",""fail"",""success"",""fail"",""fail"",""fail""],[""success"",""success"",""fail"",""fail"",""fail"",""success"",""success"",""success""],[""fail"",""success"",""fail"",""success"",""fail"",""fail"",""fail"",""fail""]],""turn"":1,""action"":[0,1,1,1,1,1,0,0],""viewed_fails"":[""0"",""0"",""0"",""0"",""0"",""0"",""0"",""0""]}"
10,2018-01-09 13:06:20.294093,,,,,,f,,info,1,1,"{""turn"": 0, ""fails"": [[""fail"", ""success"", ""fail"", ""fail"", ""fail"", ""success"", ""fail"", ""success""], [""success"", ""success"", ""fail"", ""success"", ""success"", ""success"", ""success"", ""fail""], [""fail"", ""fail"", ""success"", ""success"", ""fail"", ""success"", ""success"", ""success""], [""fail"", ""fail"", ""fail"", ""success"", ""success"", ""success"", ""fail"", ""fail""], [""success"", ""success"", ""fail"", ""success"", ""success"", ""fail"", ""success"", ""success""], [""success"", ""success"", ""success"", ""fail"", ""fail"", ""success"", ""fail"", ""success""], [""success"", ""success"", ""fail"", ""success"", ""success"", ""success"", ""fail"", ""fail""], [""success"", ""fail"", ""fail"", ""success"", ""success"", ""fail"", ""success"", ""success""], [""fail"", ""success"", ""fail"", ""fail"", ""success"", ""fail"", ""fail"", ""success""], [""fail"", ""success"", ""fail"", ""success"", ""success"", ""success"", ""success"", ""fail""], [""success"", ""fail"", ""fail"", ""success"", ""fail"", ""success"", ""fail"", ""fail""], [""success"", ""success"", ""success"", ""success"", ""fail"", ""fail"", ""fail"", ""fail""], [""fail"", ""fail"", ""success"", ""success"", ""fail"", ""success"", ""fail"", ""fail""], [""fail"", ""fail"", ""fail"", ""fail"", ""fail"", ""success"", ""fail"", ""fail""], [""fail"", ""success"", ""success"", ""fail"", ""fail"", ""fail"", ""success"", ""fail""], [""fail"", ""success"", ""success"", ""fail"", ""success"", ""success"", ""success"", ""fail""], [""success"", ""fail"", ""fail"", ""fail"", ""success"", ""success"", ""success"", ""success""], [""fail"", ""fail"", ""fail"", ""fail"", ""success"", ""success"", ""fail"", ""success""], [""success"", ""success"", ""fail"", ""fail"", ""success"", ""success"", ""success"", ""success""], [""fail"", ""success"", ""success"", ""fail"", ""fail"", ""success"", ""success"", ""success""]], ""action"": """", ""set"": 2, ""part_probs"": [0.4, 0.6, 0.4, 0.6, 0.6, 0.6, 0.4, 0.4]}"
11,2018-01-09 13:06:20.319222,,,,,,f,,info,1,1,"{""turn"": 0, ""fails"": [[""fail"", ""success"", ""fail"", ""fail"", ""fail"", ""success"", ""fail"", ""success""], [""success"", ""success"", ""fail"", ""success"", ""success"", ""success"", ""success"", ""fail""], [""fail"", ""fail"", ""success"", ""success"", ""fail"", ""success"", ""success"", ""success""], [""fail"", ""fail"", ""fail"", ""success"", ""success"", ""success"", ""fail"", ""fail""], [""success"", ""success"", ""fail"", ""success"", ""success"", ""fail"", ""success"", ""success""], [""success"", ""success"", ""success"", ""fail"", ""fail"", ""success"", ""fail"", ""success""], [""success"", ""success"", ""fail"", ""success"", ""success"", ""success"", ""fail"", ""fail""], [""success"", ""fail"", ""fail"", ""success"", ""success"", ""fail"", ""success"", ""success""], [""fail"", ""success"", ""fail"", ""fail"", ""success"", ""fail"", ""fail"", ""success""], [""fail"", ""success"", ""fail"", ""success"", ""success"", ""success"", ""success"", ""fail""], [""success"", ""fail"", ""fail"", ""success"", ""fail"", ""success"", ""fail"", ""fail""], [""success"", ""success"", ""success"", ""success"", ""fail"", ""fail"", ""fail"", ""fail""], [""fail"", ""fail"", ""success"", ""success"", ""fail"", ""success"", ""fail"", ""fail""], [""fail"", ""fail"", ""fail"", ""fail"", ""fail"", ""success"", ""fail"", ""fail""], [""fail"", ""success"", ""success"", ""fail"", ""fail"", ""fail"", ""success"", ""fail""], [""fail"", ""success"", ""success"", ""fail"", ""success"", ""success"", ""success"", ""fail""], [""success"", ""fail"", ""fail"", ""fail"", ""success"", ""success"", ""success"", ""success""], [""fail"", ""fail"", ""fail"", ""fail"", ""success"", ""success"", ""fail"", ""success""], [""success"", ""success"", ""fail"", ""fail"", ""success"", ""success"", ""success"", ""success""], [""fail"", ""success"", ""success"", ""fail"", ""fail"", ""success"", ""success"", ""success""]], ""action"": """", ""set"": 2, ""part_probs"": [0.4, 0.6, 0.4, 0.6, 0.6, 0.6, 0.4, 0.4]}"
12,2018-01-09 13:06:41.08922,,,,,,f,,info,6,1,"{""set"":2,""fails"":[[""fail"",""success"",""fail"",""fail"",""fail"",""success"",""fail"",""success""],[""success"",""success"",""fail"",""success"",""success"",""success"",""success"",""fail""],[""fail"",""fail"",""success"",""success"",""fail"",""success"",""success"",""success""],[""fail"",""fail"",""fail"",""success"",""success"",""success"",""fail"",""fail""],[""success"",""success"",""fail"",""success"",""success"",""fail"",""success"",""success""],[""success"",""success"",""success"",""fail"",""fail"",""success"",""fail"",""success""],[""success"",""success"",""fail"",""success"",""success"",""success"",""fail"",""fail""],[""success"",""fail"",""fail"",""success"",""success"",""fail"",""success"",""success""],[""fail"",""success"",""fail"",""fail"",""success"",""fail"",""fail"",""success""],[""fail"",""success"",""fail"",""success"",""success"",""success"",""success"",""fail""],[""success"",""fail"",""fail"",""success"",""fail"",""success"",""fail"",""fail""],[""success"",""success"",""success"",""success"",""fail"",""fail"",""fail"",""fail""],[""fail"",""fail"",""success"",""success"",""fail"",""success"",""fail"",""fail""],[""fail"",""fail"",""fail"",""fail"",""fail"",""success"",""fail"",""fail""],[""fail"",""success"",""success"",""fail"",""fail"",""fail"",""success"",""fail""],[""fail"",""success"",""success"",""fail"",""success"",""success"",""success"",""fail""],[""success"",""fail"",""fail"",""fail"",""success"",""success"",""success"",""success""],[""fail"",""fail"",""fail"",""fail"",""success"",""success"",""fail"",""success""],[""success"",""success"",""fail"",""fail"",""success"",""success"",""success"",""success""],[""fail"",""success"",""success"",""fail"",""fail"",""success"",""success"",""success""]],""turn"":1,""action"":[0,0,0,1,0,1,1,0],""viewed_fails"":[""0"",""0"",""0"",""0"",""0"",""0"",""0"",""0""]}"
13,2018-01-09 13:47:34.891124,,,,,,f,,info,2,2,"{""turn"": 0, ""fails"": [[""success"", ""fail"", ""success"", ""success"", ""success"", ""fail"", ""success"", ""fail""], [""success"", ""success"", ""fail"", ""fail"", ""success"", ""fail"", ""fail"", ""success""], [""fail"", ""success"", ""fail"", ""fail"", ""fail"", ""fail"", ""fail"", ""success""], [""fail"", ""success"", ""fail"", ""fail"", ""success"", ""fail"", ""fail"", ""success""], [""fail"", ""fail"", ""fail"", ""fail"", ""success"", ""success"", ""success"", ""fail""], [""fail"", ""fail"", ""fail"", ""success"", ""success"", ""fail"", ""fail"", ""fail""], [""fail"", ""success"", ""fail"", ""fail"", ""success"", ""fail"", ""success"", ""fail""], [""success"", ""success"", ""success"", ""fail"", ""fail"", ""fail"", ""success"", ""fail""], [""success"", ""success"", ""success"", ""fail"", ""success"", ""success"", ""success"", ""fail""], [""fail"", ""success"", ""fail"", ""fail"", ""fail"", ""success"", ""fail"", ""success""], [""fail"", ""success"", ""success"", ""fail"", ""fail"", ""success"", ""success"", ""success""], [""fail"", ""fail"", ""fail"", ""success"", ""success"", ""fail"", ""success"", ""fail""], [""fail"", ""fail"", ""fail"", ""fail"", ""success"", ""fail"", ""success"", ""fail""], [""fail"", ""success"", ""success"", ""fail"", ""success"", ""success"", ""success"", ""success""], [""fail"", ""success"", ""fail"", ""fail"", ""success"", ""fail"", ""fail"", ""success""], [""fail"", ""fail"", ""fail"", ""success"", ""success"", ""fail"", ""fail"", ""fail""], [""success"", ""success"", ""fail"", ""fail"", ""success"", ""fail"", ""success"", ""success""], [""success"", ""fail"", ""success"", ""fail"", ""success"", ""fail"", ""fail"", ""fail""], [""success"", ""success"", ""fail"", ""fail"", ""fail"", ""success"", ""success"", ""success""], [""fail"", ""success"", ""fail"", ""success"", ""fail"", ""fail"", ""fail"", ""fail""]], ""action"": """", ""set"": 3, ""part_probs"": [0.4, 0.6, 0.4, 0.4, 0.6, 0.4, 0.6, 0.6]}"
14,2018-01-09 13:47:34.920907,,,,,,f,,info,2,2,"{""turn"": 0, ""fails"": [[""success"", ""fail"", ""success"", ""success"", ""success"", ""fail"", ""success"", ""fail""], [""success"", ""success"", ""fail"", ""fail"", ""success"", ""fail"", ""fail"", ""success""], [""fail"", ""success"", ""fail"", ""fail"", ""fail"", ""fail"", ""fail"", ""success""], [""fail"", ""success"", ""fail"", ""fail"", ""success"", ""fail"", ""fail"", ""success""], [""fail"", ""fail"", ""fail"", ""fail"", ""success"", ""success"", ""success"", ""fail""], [""fail"", ""fail"", ""fail"", ""success"", ""success"", ""fail"", ""fail"", ""fail""], [""fail"", ""success"", ""fail"", ""fail"", ""success"", ""fail"", ""success"", ""fail""], [""success"", ""success"", ""success"", ""fail"", ""fail"", ""fail"", ""success"", ""fail""], [""success"", ""success"", ""success"", ""fail"", ""success"", ""success"", ""success"", ""fail""], [""fail"", ""success"", ""fail"", ""fail"", ""fail"", ""success"", ""fail"", ""success""], [""fail"", ""success"", ""success"", ""fail"", ""fail"", ""success"", ""success"", ""success""], [""fail"", ""fail"", ""fail"", ""success"", ""success"", ""fail"", ""success"", ""fail""], [""fail"", ""fail"", ""fail"", ""fail"", ""success"", ""fail"", ""success"", ""fail""], [""fail"", ""success"", ""success"", ""fail"", ""success"", ""success"", ""success"", ""success""], [""fail"", ""success"", ""fail"", ""fail"", ""success"", ""fail"", ""fail"", ""success""], [""fail"", ""fail"", ""fail"", ""success"", ""success"", ""fail"", ""fail"", ""fail""], [""success"", ""success"", ""fail"", ""fail"", ""success"", ""fail"", ""success"", ""success""], [""success"", ""fail"", ""success"", ""fail"", ""success"", ""fail"", ""fail"", ""fail""], [""success"", ""success"", ""fail"", ""fail"", ""fail"", ""success"", ""success"", ""success""], [""fail"", ""success"", ""fail"", ""success"", ""fail"", ""fail"", ""fail"", ""fail""]], ""action"": """", ""set"": 3, ""part_probs"": [0.4, 0.6, 0.4, 0.4, 0.6, 0.4, 0.6, 0.6]}"
24,2018-01-09 14:10:01.974658,,,,,,f,,info,10,1,"{""set"":2,""fails"":[[""fail"",""success"",""fail"",""fail"",""fail"",""success"",""fail"",""success""],[""success"",""success"",""fail"",""success"",""success"",""success"",""success"",""fail""],[""fail"",""fail"",""success"",""success"",""fail"",""success"",""success"",""success""],[""fail"",""fail"",""fail"",""success"",""success"",""success"",""fail"",""fail""],[""success"",""success"",""fail"",""success"",""success"",""fail"",""success"",""success""],[""success"",""success"",""success"",""fail"",""fail"",""success"",""fail"",""success""],[""success"",""success"",""fail"",""success"",""success"",""success"",""fail"",""fail""],[""success"",""fail"",""fail"",""success"",""success"",""fail"",""success"",""success""],[""fail"",""success"",""fail"",""fail"",""success"",""fail"",""fail"",""success""],[""fail"",""success"",""fail"",""success"",""success"",""success"",""success"",""fail""],[""success"",""fail"",""fail"",""success"",""fail"",""success"",""fail"",""fail""],[""success"",""success"",""success"",""success"",""fail"",""fail"",""fail"",""fail""],[""fail"",""fail"",""success"",""success"",""fail"",""success"",""fail"",""fail""],[""fail"",""fail"",""fail"",""fail"",""fail"",""success"",""fail"",""fail""],[""fail"",""success"",""success"",""fail"",""fail"",""fail"",""success"",""fail""],[""fail"",""success"",""success"",""fail"",""success"",""success"",""success"",""fail""],[""success"",""fail"",""fail"",""fail"",""success"",""success"",""success"",""success""],[""fail"",""fail"",""fail"",""fail"",""success"",""success"",""fail"",""success""],[""success"",""success"",""fail"",""fail"",""success"",""success"",""success"",""success""],[""fail"",""success"",""success"",""fail"",""fail"",""success"",""success"",""success""]],""turn"":1,""action"":[1,1,1,1,1,1,1,1],""viewed_fails"":[""0"",""0"",""0"",""0"",""0"",""0"",""0"",""0""]}"
15,2018-01-09 13:47:59.745913,,,,,,f,,info,7,2,"{""set"":3,""fails"":[[""success"",""fail"",""success"",""success"",""success"",""fail"",""success"",""fail""],[""success"",""success"",""fail"",""fail"",""success"",""fail"",""fail"",""success""],[""fail"",""success"",""fail"",""fail"",""fail"",""fail"",""fail"",""success""],[""fail"",""success"",""fail"",""fail"",""success"",""fail"",""fail"",""success""],[""fail"",""fail"",""fail"",""fail"",""success"",""success"",""success"",""fail""],[""fail"",""fail"",""fail"",""success"",""success"",""fail"",""fail"",""fail""],[""fail"",""success"",""fail"",""fail"",""success"",""fail"",""success"",""fail""],[""success"",""success"",""success"",""fail"",""fail"",""fail"",""success"",""fail""],[""success"",""success"",""success"",""fail"",""success"",""success"",""success"",""fail""],[""fail"",""success"",""fail"",""fail"",""fail"",""success"",""fail"",""success""],[""fail"",""success"",""success"",""fail"",""fail"",""success"",""success"",""success""],[""fail"",""fail"",""fail"",""success"",""success"",""fail"",""success"",""fail""],[""fail"",""fail"",""fail"",""fail"",""success"",""fail"",""success"",""fail""],[""fail"",""success"",""success"",""fail"",""success"",""success"",""success"",""success""],[""fail"",""success"",""fail"",""fail"",""success"",""fail"",""fail"",""success""],[""fail"",""fail"",""fail"",""success"",""success"",""fail"",""fail"",""fail""],[""success"",""success"",""fail"",""fail"",""success"",""fail"",""success"",""success""],[""success"",""fail"",""success"",""fail"",""success"",""fail"",""fail"",""fail""],[""success"",""success"",""fail"",""fail"",""fail"",""success"",""success"",""success""],[""fail"",""success"",""fail"",""success"",""fail"",""fail"",""fail"",""fail""]],""turn"":1,""action"":[0,0,1,1,0,1,0,1],""viewed_fails"":[""0"",""0"",""0"",""0"",""0"",""0"",""0"",""0""]}"
25,2018-01-09 14:12:57.934592,,,,,,f,,info,11,1,"{""set"":2,""fails"":[[""fail"",""success"",""fail"",""fail"",""fail"",""success"",""fail"",""success""],[""success"",""success"",""fail"",""success"",""success"",""success"",""success"",""fail""],[""fail"",""fail"",""success"",""success"",""fail"",""success"",""success"",""success""],[""fail"",""fail"",""fail"",""success"",""success"",""success"",""fail"",""fail""],[""success"",""success"",""fail"",""success"",""success"",""fail"",""success"",""success""],[""success"",""success"",""success"",""fail"",""fail"",""success"",""fail"",""success""],[""success"",""success"",""fail"",""success"",""success"",""success"",""fail"",""fail""],[""success"",""fail"",""fail"",""success"",""success"",""fail"",""success"",""success""],[""fail"",""success"",""fail"",""fail"",""success"",""fail"",""fail"",""success""],[""fail"",""success"",""fail"",""success"",""success"",""success"",""success"",""fail""],[""success"",""fail"",""fail"",""success"",""fail"",""success"",""fail"",""fail""],[""success"",""success"",""success"",""success"",""fail"",""fail"",""fail"",""fail""],[""fail"",""fail"",""success"",""success"",""fail"",""success"",""fail"",""fail""],[""fail"",""fail"",""fail"",""fail"",""fail"",""success"",""fail"",""fail""],[""fail"",""success"",""success"",""fail"",""fail"",""fail"",""success"",""fail""],[""fail"",""success"",""success"",""fail"",""success"",""success"",""success"",""fail""],[""success"",""fail"",""fail"",""fail"",""success"",""success"",""success"",""success""],[""fail"",""fail"",""fail"",""fail"",""success"",""success"",""fail"",""success""],[""success"",""success"",""fail"",""fail"",""success"",""success"",""success"",""success""],[""fail"",""success"",""success"",""fail"",""fail"",""success"",""success"",""success""]],""turn"":2,""action"":[1,1,0,0,1,0,0,1],""viewed_fails"":[""0"",""0"",""fail"",""0"",""0"",""0"",""fail"",""success""]}"
16,2018-01-09 13:47:59.908712,,,,,,f,,info,1,1,"{""turn"": 0, ""fails"": [[""fail"", ""success"", ""fail"", ""fail"", ""fail"", ""success"", ""fail"", ""success""], [""success"", ""success"", ""fail"", ""success"", ""success"", ""success"", ""success"", ""fail""], [""fail"", ""fail"", ""success"", ""success"", ""fail"", ""success"", ""success"", ""success""], [""fail"", ""fail"", ""fail"", ""success"", ""success"", ""success"", ""fail"", ""fail""], [""success"", ""success"", ""fail"", ""success"", ""success"", ""fail"", ""success"", ""success""], [""success"", ""success"", ""success"", ""fail"", ""fail"", ""success"", ""fail"", ""success""], [""success"", ""success"", ""fail"", ""success"", ""success"", ""success"", ""fail"", ""fail""], [""success"", ""fail"", ""fail"", ""success"", ""success"", ""fail"", ""success"", ""success""], [""fail"", ""success"", ""fail"", ""fail"", ""success"", ""fail"", ""fail"", ""success""], [""fail"", ""success"", ""fail"", ""success"", ""success"", ""success"", ""success"", ""fail""], [""success"", ""fail"", ""fail"", ""success"", ""fail"", ""success"", ""fail"", ""fail""], [""success"", ""success"", ""success"", ""success"", ""fail"", ""fail"", ""fail"", ""fail""], [""fail"", ""fail"", ""success"", ""success"", ""fail"", ""success"", ""fail"", ""fail""], [""fail"", ""fail"", ""fail"", ""fail"", ""fail"", ""success"", ""fail"", ""fail""], [""fail"", ""success"", ""success"", ""fail"", ""fail"", ""fail"", ""success"", ""fail""], [""fail"", ""success"", ""success"", ""fail"", ""success"", ""success"", ""success"", ""fail""], [""success"", ""fail"", ""fail"", ""fail"", ""success"", ""success"", ""success"", ""success""], [""fail"", ""fail"", ""fail"", ""fail"", ""success"", ""success"", ""fail"", ""success""], [""success"", ""success"", ""fail"", ""fail"", ""success"", ""success"", ""success"", ""success""], [""fail"", ""success"", ""success"", ""fail"", ""fail"", ""success"", ""success"", ""success""]], ""action"": """", ""set"": 2, ""part_probs"": [0.4, 0.6, 0.4, 0.6, 0.6, 0.6, 0.4, 0.4]}"
17,2018-01-09 13:47:59.931163,,,,,,f,,info,1,1,"{""turn"": 0, ""fails"": [[""fail"", ""success"", ""fail"", ""fail"", ""fail"", ""success"", ""fail"", ""success""], [""success"", ""success"", ""fail"", ""success"", ""success"", ""success"", ""success"", ""fail""], [""fail"", ""fail"", ""success"", ""success"", ""fail"", ""success"", ""success"", ""success""], [""fail"", ""fail"", ""fail"", ""success"", ""success"", ""success"", ""fail"", ""fail""], [""success"", ""success"", ""fail"", ""success"", ""success"", ""fail"", ""success"", ""success""], [""success"", ""success"", ""success"", ""fail"", ""fail"", ""success"", ""fail"", ""success""], [""success"", ""success"", ""fail"", ""success"", ""success"", ""success"", ""fail"", ""fail""], [""success"", ""fail"", ""fail"", ""success"", ""success"", ""fail"", ""success"", ""success""], [""fail"", ""success"", ""fail"", ""fail"", ""success"", ""fail"", ""fail"", ""success""], [""fail"", ""success"", ""fail"", ""success"", ""success"", ""success"", ""success"", ""fail""], [""success"", ""fail"", ""fail"", ""success"", ""fail"", ""success"", ""fail"", ""fail""], [""success"", ""success"", ""success"", ""success"", ""fail"", ""fail"", ""fail"", ""fail""], [""fail"", ""fail"", ""success"", ""success"", ""fail"", ""success"", ""fail"", ""fail""], [""fail"", ""fail"", ""fail"", ""fail"", ""fail"", ""success"", ""fail"", ""fail""], [""fail"", ""success"", ""success"", ""fail"", ""fail"", ""fail"", ""success"", ""fail""], [""fail"", ""success"", ""success"", ""fail"", ""success"", ""success"", ""success"", ""fail""], [""success"", ""fail"", ""fail"", ""fail"", ""success"", ""success"", ""success"", ""success""], [""fail"", ""fail"", ""fail"", ""fail"", ""success"", ""success"", ""fail"", ""success""], [""success"", ""success"", ""fail"", ""fail"", ""success"", ""success"", ""success"", ""success""], [""fail"", ""success"", ""success"", ""fail"", ""fail"", ""success"", ""success"", ""success""]], ""action"": """", ""set"": 2, ""part_probs"": [0.4, 0.6, 0.4, 0.6, 0.6, 0.6, 0.4, 0.4]}"
19,2018-01-09 14:09:39.467934,,,,,,f,,info,2,2,"{""turn"": 0, ""fails"": [[""success"", ""fail"", ""success"", ""success"", ""success"", ""fail"", ""success"", ""fail""], [""success"", ""success"", ""fail"", ""fail"", ""success"", ""fail"", ""fail"", ""success""], [""fail"", ""success"", ""fail"", ""fail"", ""fail"", ""fail"", ""fail"", ""success""], [""fail"", ""success"", ""fail"", ""fail"", ""success"", ""fail"", ""fail"", ""success""], [""fail"", ""fail"", ""fail"", ""fail"", ""success"", ""success"", ""success"", ""fail""], [""fail"", ""fail"", ""fail"", ""success"", ""success"", ""fail"", ""fail"", ""fail""], [""fail"", ""success"", ""fail"", ""fail"", ""success"", ""fail"", ""success"", ""fail""], [""success"", ""success"", ""success"", ""fail"", ""fail"", ""fail"", ""success"", ""fail""], [""success"", ""success"", ""success"", ""fail"", ""success"", ""success"", ""success"", ""fail""], [""fail"", ""success"", ""fail"", ""fail"", ""fail"", ""success"", ""fail"", ""success""], [""fail"", ""success"", ""success"", ""fail"", ""fail"", ""success"", ""success"", ""success""], [""fail"", ""fail"", ""fail"", ""success"", ""success"", ""fail"", ""success"", ""fail""], [""fail"", ""fail"", ""fail"", ""fail"", ""success"", ""fail"", ""success"", ""fail""], [""fail"", ""success"", ""success"", ""fail"", ""success"", ""success"", ""success"", ""success""], [""fail"", ""success"", ""fail"", ""fail"", ""success"", ""fail"", ""fail"", ""success""], [""fail"", ""fail"", ""fail"", ""success"", ""success"", ""fail"", ""fail"", ""fail""], [""success"", ""success"", ""fail"", ""fail"", ""success"", ""fail"", ""success"", ""success""], [""success"", ""fail"", ""success"", ""fail"", ""success"", ""fail"", ""fail"", ""fail""], [""success"", ""success"", ""fail"", ""fail"", ""fail"", ""success"", ""success"", ""success""], [""fail"", ""success"", ""fail"", ""success"", ""fail"", ""fail"", ""fail"", ""fail""]], ""action"": """", ""set"": 3, ""part_probs"": [0.4, 0.6, 0.4, 0.4, 0.6, 0.4, 0.6, 0.6]}"
18,2018-01-09 13:48:12.720168,,,,,,f,,info,8,1,"{""set"":2,""fails"":[[""fail"",""success"",""fail"",""fail"",""fail"",""success"",""fail"",""success""],[""success"",""success"",""fail"",""success"",""success"",""success"",""success"",""fail""],[""fail"",""fail"",""success"",""success"",""fail"",""success"",""success"",""success""],[""fail"",""fail"",""fail"",""success"",""success"",""success"",""fail"",""fail""],[""success"",""success"",""fail"",""success"",""success"",""fail"",""success"",""success""],[""success"",""success"",""success"",""fail"",""fail"",""success"",""fail"",""success""],[""success"",""success"",""fail"",""success"",""success"",""success"",""fail"",""fail""],[""success"",""fail"",""fail"",""success"",""success"",""fail"",""success"",""success""],[""fail"",""success"",""fail"",""fail"",""success"",""fail"",""fail"",""success""],[""fail"",""success"",""fail"",""success"",""success"",""success"",""success"",""fail""],[""success"",""fail"",""fail"",""success"",""fail"",""success"",""fail"",""fail""],[""success"",""success"",""success"",""success"",""fail"",""fail"",""fail"",""fail""],[""fail"",""fail"",""success"",""success"",""fail"",""success"",""fail"",""fail""],[""fail"",""fail"",""fail"",""fail"",""fail"",""success"",""fail"",""fail""],[""fail"",""success"",""success"",""fail"",""fail"",""fail"",""success"",""fail""],[""fail"",""success"",""success"",""fail"",""success"",""success"",""success"",""fail""],[""success"",""fail"",""fail"",""fail"",""success"",""success"",""success"",""success""],[""fail"",""fail"",""fail"",""fail"",""success"",""success"",""fail"",""success""],[""success"",""success"",""fail"",""fail"",""success"",""success"",""success"",""success""],[""fail"",""success"",""success"",""fail"",""fail"",""success"",""success"",""success""]],""turn"":1,""action"":[0,0,1,0,0,0,1,1],""viewed_fails"":[""0"",""0"",""0"",""0"",""0"",""0"",""0"",""0""]}"
20,2018-01-09 14:09:39.491668,,,,,,f,,info,2,2,"{""turn"": 0, ""fails"": [[""success"", ""fail"", ""success"", ""success"", ""success"", ""fail"", ""success"", ""fail""], [""success"", ""success"", ""fail"", ""fail"", ""success"", ""fail"", ""fail"", ""success""], [""fail"", ""success"", ""fail"", ""fail"", ""fail"", ""fail"", ""fail"", ""success""], [""fail"", ""success"", ""fail"", ""fail"", ""success"", ""fail"", ""fail"", ""success""], [""fail"", ""fail"", ""fail"", ""fail"", ""success"", ""success"", ""success"", ""fail""], [""fail"", ""fail"", ""fail"", ""success"", ""success"", ""fail"", ""fail"", ""fail""], [""fail"", ""success"", ""fail"", ""fail"", ""success"", ""fail"", ""success"", ""fail""], [""success"", ""success"", ""success"", ""fail"", ""fail"", ""fail"", ""success"", ""fail""], [""success"", ""success"", ""success"", ""fail"", ""success"", ""success"", ""success"", ""fail""], [""fail"", ""success"", ""fail"", ""fail"", ""fail"", ""success"", ""fail"", ""success""], [""fail"", ""success"", ""success"", ""fail"", ""fail"", ""success"", ""success"", ""success""], [""fail"", ""fail"", ""fail"", ""success"", ""success"", ""fail"", ""success"", ""fail""], [""fail"", ""fail"", ""fail"", ""fail"", ""success"", ""fail"", ""success"", ""fail""], [""fail"", ""success"", ""success"", ""fail"", ""success"", ""success"", ""success"", ""success""], [""fail"", ""success"", ""fail"", ""fail"", ""success"", ""fail"", ""fail"", ""success""], [""fail"", ""fail"", ""fail"", ""success"", ""success"", ""fail"", ""fail"", ""fail""], [""success"", ""success"", ""fail"", ""fail"", ""success"", ""fail"", ""success"", ""success""], [""success"", ""fail"", ""success"", ""fail"", ""success"", ""fail"", ""fail"", ""fail""], [""success"", ""success"", ""fail"", ""fail"", ""fail"", ""success"", ""success"", ""success""], [""fail"", ""success"", ""fail"", ""success"", ""fail"", ""fail"", ""fail"", ""fail""]], ""action"": """", ""set"": 3, ""part_probs"": [0.4, 0.6, 0.4, 0.4, 0.6, 0.4, 0.6, 0.6]}"
21,2018-01-09 14:09:52.542008,,,,,,f,,info,9,2,"{""set"":3,""fails"":[[""success"",""fail"",""success"",""success"",""success"",""fail"",""success"",""fail""],[""success"",""success"",""fail"",""fail"",""success"",""fail"",""fail"",""success""],[""fail"",""success"",""fail"",""fail"",""fail"",""fail"",""fail"",""success""],[""fail"",""success"",""fail"",""fail"",""success"",""fail"",""fail"",""success""],[""fail"",""fail"",""fail"",""fail"",""success"",""success"",""success"",""fail""],[""fail"",""fail"",""fail"",""success"",""success"",""fail"",""fail"",""fail""],[""fail"",""success"",""fail"",""fail"",""success"",""fail"",""success"",""fail""],[""success"",""success"",""success"",""fail"",""fail"",""fail"",""success"",""fail""],[""success"",""success"",""success"",""fail"",""success"",""success"",""success"",""fail""],[""fail"",""success"",""fail"",""fail"",""fail"",""success"",""fail"",""success""],[""fail"",""success"",""success"",""fail"",""fail"",""success"",""success"",""success""],[""fail"",""fail"",""fail"",""success"",""success"",""fail"",""success"",""fail""],[""fail"",""fail"",""fail"",""fail"",""success"",""fail"",""success"",""fail""],[""fail"",""success"",""success"",""fail"",""success"",""success"",""success"",""success""],[""fail"",""success"",""fail"",""fail"",""success"",""fail"",""fail"",""success""],[""fail"",""fail"",""fail"",""success"",""success"",""fail"",""fail"",""fail""],[""success"",""success"",""fail"",""fail"",""success"",""fail"",""success"",""success""],[""success"",""fail"",""success"",""fail"",""success"",""fail"",""fail"",""fail""],[""success"",""success"",""fail"",""fail"",""fail"",""success"",""success"",""success""],[""fail"",""success"",""fail"",""success"",""fail"",""fail"",""fail"",""fail""]],""turn"":1,""action"":[1,1,1,1,1,1,1,1],""viewed_fails"":[""0"",""0"",""0"",""0"",""0"",""0"",""0"",""0""]}"
22,2018-01-09 14:09:52.894011,,,,,,f,,info,1,1,"{""turn"": 0, ""fails"": [[""fail"", ""success"", ""fail"", ""fail"", ""fail"", ""success"", ""fail"", ""success""], [""success"", ""success"", ""fail"", ""success"", ""success"", ""success"", ""success"", ""fail""], [""fail"", ""fail"", ""success"", ""success"", ""fail"", ""success"", ""success"", ""success""], [""fail"", ""fail"", ""fail"", ""success"", ""success"", ""success"", ""fail"", ""fail""], [""success"", ""success"", ""fail"", ""success"", ""success"", ""fail"", ""success"", ""success""], [""success"", ""success"", ""success"", ""fail"", ""fail"", ""success"", ""fail"", ""success""], [""success"", ""success"", ""fail"", ""success"", ""success"", ""success"", ""fail"", ""fail""], [""success"", ""fail"", ""fail"", ""success"", ""success"", ""fail"", ""success"", ""success""], [""fail"", ""success"", ""fail"", ""fail"", ""success"", ""fail"", ""fail"", ""success""], [""fail"", ""success"", ""fail"", ""success"", ""success"", ""success"", ""success"", ""fail""], [""success"", ""fail"", ""fail"", ""success"", ""fail"", ""success"", ""fail"", ""fail""], [""success"", ""success"", ""success"", ""success"", ""fail"", ""fail"", ""fail"", ""fail""], [""fail"", ""fail"", ""success"", ""success"", ""fail"", ""success"", ""fail"", ""fail""], [""fail"", ""fail"", ""fail"", ""fail"", ""fail"", ""success"", ""fail"", ""fail""], [""fail"", ""success"", ""success"", ""fail"", ""fail"", ""fail"", ""success"", ""fail""], [""fail"", ""success"", ""success"", ""fail"", ""success"", ""success"", ""success"", ""fail""], [""success"", ""fail"", ""fail"", ""fail"", ""success"", ""success"", ""success"", ""success""], [""fail"", ""fail"", ""fail"", ""fail"", ""success"", ""success"", ""fail"", ""success""], [""success"", ""success"", ""fail"", ""fail"", ""success"", ""success"", ""success"", ""success""], [""fail"", ""success"", ""success"", ""fail"", ""fail"", ""success"", ""success"", ""success""]], ""action"": """", ""set"": 2, ""part_probs"": [0.4, 0.6, 0.4, 0.6, 0.6, 0.6, 0.4, 0.4]}"
23,2018-01-09 14:09:53.037458,,,,,,f,,info,1,1,"{""turn"": 0, ""fails"": [[""fail"", ""success"", ""fail"", ""fail"", ""fail"", ""success"", ""fail"", ""success""], [""success"", ""success"", ""fail"", ""success"", ""success"", ""success"", ""success"", ""fail""], [""fail"", ""fail"", ""success"", ""success"", ""fail"", ""success"", ""success"", ""success""], [""fail"", ""fail"", ""fail"", ""success"", ""success"", ""success"", ""fail"", ""fail""], [""success"", ""success"", ""fail"", ""success"", ""success"", ""fail"", ""success"", ""success""], [""success"", ""success"", ""success"", ""fail"", ""fail"", ""success"", ""fail"", ""success""], [""success"", ""success"", ""fail"", ""success"", ""success"", ""success"", ""fail"", ""fail""], [""success"", ""fail"", ""fail"", ""success"", ""success"", ""fail"", ""success"", ""success""], [""fail"", ""success"", ""fail"", ""fail"", ""success"", ""fail"", ""fail"", ""success""], [""fail"", ""success"", ""fail"", ""success"", ""success"", ""success"", ""success"", ""fail""], [""success"", ""fail"", ""fail"", ""success"", ""fail"", ""success"", ""fail"", ""fail""], [""success"", ""success"", ""success"", ""success"", ""fail"", ""fail"", ""fail"", ""fail""], [""fail"", ""fail"", ""success"", ""success"", ""fail"", ""success"", ""fail"", ""fail""], [""fail"", ""fail"", ""fail"", ""fail"", ""fail"", ""success"", ""fail"", ""fail""], [""fail"", ""success"", ""success"", ""fail"", ""fail"", ""fail"", ""success"", ""fail""], [""fail"", ""success"", ""success"", ""fail"", ""success"", ""success"", ""success"", ""fail""], [""success"", ""fail"", ""fail"", ""fail"", ""success"", ""success"", ""success"", ""success""], [""fail"", ""fail"", ""fail"", ""fail"", ""success"", ""success"", ""fail"", ""success""], [""success"", ""success"", ""fail"", ""fail"", ""success"", ""success"", ""success"", ""success""], [""fail"", ""success"", ""success"", ""fail"", ""fail"", ""success"", ""success"", ""success""]], ""action"": """", ""set"": 2, ""part_probs"": [0.4, 0.6, 0.4, 0.6, 0.6, 0.6, 0.4, 0.4]}"
26,2018-01-09 14:13:13.512681,,,,,,f,,info,12,2,"{""set"":3,""fails"":[[""success"",""fail"",""success"",""success"",""success"",""fail"",""success"",""fail""],[""success"",""success"",""fail"",""fail"",""success"",""fail"",""fail"",""success""],[""fail"",""success"",""fail"",""fail"",""fail"",""fail"",""fail"",""success""],[""fail"",""success"",""fail"",""fail"",""success"",""fail"",""fail"",""success""],[""fail"",""fail"",""fail"",""fail"",""success"",""success"",""success"",""fail""],[""fail"",""fail"",""fail"",""success"",""success"",""fail"",""fail"",""fail""],[""fail"",""success"",""fail"",""fail"",""success"",""fail"",""success"",""fail""],[""success"",""success"",""success"",""fail"",""fail"",""fail"",""success"",""fail""],[""success"",""success"",""success"",""fail"",""success"",""success"",""success"",""fail""],[""fail"",""success"",""fail"",""fail"",""fail"",""success"",""fail"",""success""],[""fail"",""success"",""success"",""fail"",""fail"",""success"",""success"",""success""],[""fail"",""fail"",""fail"",""success"",""success"",""fail"",""success"",""fail""],[""fail"",""fail"",""fail"",""fail"",""success"",""fail"",""success"",""fail""],[""fail"",""success"",""success"",""fail"",""success"",""success"",""success"",""success""],[""fail"",""success"",""fail"",""fail"",""success"",""fail"",""fail"",""success""],[""fail"",""fail"",""fail"",""success"",""success"",""fail"",""fail"",""fail""],[""success"",""success"",""fail"",""fail"",""success"",""fail"",""success"",""success""],[""success"",""fail"",""success"",""fail"",""success"",""fail"",""fail"",""fail""],[""success"",""success"",""fail"",""fail"",""fail"",""success"",""success"",""success""],[""fail"",""success"",""fail"",""success"",""fail"",""fail"",""fail"",""fail""]],""turn"":2,""action"":[1,0,1,1,0,0,1,0],""viewed_fails"":[""success"",""fail"",""success"",""success"",""success"",""fail"",""success"",""fail""]}"
27,2018-01-09 15:16:45.401089,,,,,,f,,info,13,2,"{""set"":3,""fails"":[[""success"",""fail"",""success"",""success"",""success"",""fail"",""success"",""fail""],[""success"",""success"",""fail"",""fail"",""success"",""fail"",""fail"",""success""],[""fail"",""success"",""fail"",""fail"",""fail"",""fail"",""fail"",""success""],[""fail"",""success"",""fail"",""fail"",""success"",""fail"",""fail"",""success""],[""fail"",""fail"",""fail"",""fail"",""success"",""success"",""success"",""fail""],[""fail"",""fail"",""fail"",""success"",""success"",""fail"",""fail"",""fail""],[""fail"",""success"",""fail"",""fail"",""success"",""fail"",""success"",""fail""],[""success"",""success"",""success"",""fail"",""fail"",""fail"",""success"",""fail""],[""success"",""success"",""success"",""fail"",""success"",""success"",""success"",""fail""],[""fail"",""success"",""fail"",""fail"",""fail"",""success"",""fail"",""success""],[""fail"",""success"",""success"",""fail"",""fail"",""success"",""success"",""success""],[""fail"",""fail"",""fail"",""success"",""success"",""fail"",""success"",""fail""],[""fail"",""fail"",""fail"",""fail"",""success"",""fail"",""success"",""fail""],[""fail"",""success"",""success"",""fail"",""success"",""success"",""success"",""success""],[""fail"",""success"",""fail"",""fail"",""success"",""fail"",""fail"",""success""],[""fail"",""fail"",""fail"",""success"",""success"",""fail"",""fail"",""fail""],[""success"",""success"",""fail"",""fail"",""success"",""fail"",""success"",""success""],[""success"",""fail"",""success"",""fail"",""success"",""fail"",""fail"",""fail""],[""success"",""success"",""fail"",""fail"",""fail"",""success"",""success"",""success""],[""fail"",""success"",""fail"",""success"",""fail"",""fail"",""fail"",""fail""]],""turn"":2,""action"":[0,0,1,1,0,0,0,0],""viewed_fails"":[""0"",""0"",""success"",""success"",""0"",""fail"",""0"",""fail""]}"
28,2018-01-09 15:16:53.174322,,,,,,f,,info,14,1,"{""set"":2,""fails"":[[""fail"",""success"",""fail"",""fail"",""fail"",""success"",""fail"",""success""],[""success"",""success"",""fail"",""success"",""success"",""success"",""success"",""fail""],[""fail"",""fail"",""success"",""success"",""fail"",""success"",""success"",""success""],[""fail"",""fail"",""fail"",""success"",""success"",""success"",""fail"",""fail""],[""success"",""success"",""fail"",""success"",""success"",""fail"",""success"",""success""],[""success"",""success"",""success"",""fail"",""fail"",""success"",""fail"",""success""],[""success"",""success"",""fail"",""success"",""success"",""success"",""fail"",""fail""],[""success"",""fail"",""fail"",""success"",""success"",""fail"",""success"",""success""],[""fail"",""success"",""fail"",""fail"",""success"",""fail"",""fail"",""success""],[""fail"",""success"",""fail"",""success"",""success"",""success"",""success"",""fail""],[""success"",""fail"",""fail"",""success"",""fail"",""success"",""fail"",""fail""],[""success"",""success"",""success"",""success"",""fail"",""fail"",""fail"",""fail""],[""fail"",""fail"",""success"",""success"",""fail"",""success"",""fail"",""fail""],[""fail"",""fail"",""fail"",""fail"",""fail"",""success"",""fail"",""fail""],[""fail"",""success"",""success"",""fail"",""fail"",""fail"",""success"",""fail""],[""fail"",""success"",""success"",""fail"",""success"",""success"",""success"",""fail""],[""success"",""fail"",""fail"",""fail"",""success"",""success"",""success"",""success""],[""fail"",""fail"",""fail"",""fail"",""success"",""success"",""fail"",""success""],[""success"",""success"",""fail"",""fail"",""success"",""success"",""success"",""success""],[""fail"",""success"",""success"",""fail"",""fail"",""success"",""success"",""success""]],""turn"":2,""action"":[0,1,0,0,0,1,0,0],""viewed_fails"":[""fail"",""success"",""fail"",""0"",""fail"",""success"",""0"",""0""]}"
29,2018-01-09 15:50:17.688082,,,,,,f,,info,15,2,"{""set"":3,""fails"":[[""success"",""fail"",""success"",""success"",""success"",""fail"",""success"",""fail""],[""success"",""success"",""fail"",""fail"",""success"",""fail"",""fail"",""success""],[""fail"",""success"",""fail"",""fail"",""fail"",""fail"",""fail"",""success""],[""fail"",""success"",""fail"",""fail"",""success"",""fail"",""fail"",""success""],[""fail"",""fail"",""fail"",""fail"",""success"",""success"",""success"",""fail""],[""fail"",""fail"",""fail"",""success"",""success"",""fail"",""fail"",""fail""],[""fail"",""success"",""fail"",""fail"",""success"",""fail"",""success"",""fail""],[""success"",""success"",""success"",""fail"",""fail"",""fail"",""success"",""fail""],[""success"",""success"",""success"",""fail"",""success"",""success"",""success"",""fail""],[""fail"",""success"",""fail"",""fail"",""fail"",""success"",""fail"",""success""],[""fail"",""success"",""success"",""fail"",""fail"",""success"",""success"",""success""],[""fail"",""fail"",""fail"",""success"",""success"",""fail"",""success"",""fail""],[""fail"",""fail"",""fail"",""fail"",""success"",""fail"",""success"",""fail""],[""fail"",""success"",""success"",""fail"",""success"",""success"",""success"",""success""],[""fail"",""success"",""fail"",""fail"",""success"",""fail"",""fail"",""success""],[""fail"",""fail"",""fail"",""success"",""success"",""fail"",""fail"",""fail""],[""success"",""success"",""fail"",""fail"",""success"",""fail"",""success"",""success""],[""success"",""fail"",""success"",""fail"",""success"",""fail"",""fail"",""fail""],[""success"",""success"",""fail"",""fail"",""fail"",""success"",""success"",""success""],[""fail"",""success"",""fail"",""success"",""fail"",""fail"",""fail"",""fail""]],""turn"":2,""action"":[1,1,1,1,1,1,1,1],""viewed_fails"":[""0"",""0"",""success"",""success"",""0"",""fail"",""0"",""fail""]}"
30,2018-01-09 15:50:33.279537,,,,,,f,,info,16,1,"{""set"":2,""fails"":[[""fail"",""success"",""fail"",""fail"",""fail"",""success"",""fail"",""success""],[""success"",""success"",""fail"",""success"",""success"",""success"",""success"",""fail""],[""fail"",""fail"",""success"",""success"",""fail"",""success"",""success"",""success""],[""fail"",""fail"",""fail"",""success"",""success"",""success"",""fail"",""fail""],[""success"",""success"",""fail"",""success"",""success"",""fail"",""success"",""success""],[""success"",""success"",""success"",""fail"",""fail"",""success"",""fail"",""success""],[""success"",""success"",""fail"",""success"",""success"",""success"",""fail"",""fail""],[""success"",""fail"",""fail"",""success"",""success"",""fail"",""success"",""success""],[""fail"",""success"",""fail"",""fail"",""success"",""fail"",""fail"",""success""],[""fail"",""success"",""fail"",""success"",""success"",""success"",""success"",""fail""],[""success"",""fail"",""fail"",""success"",""fail"",""success"",""fail"",""fail""],[""success"",""success"",""success"",""success"",""fail"",""fail"",""fail"",""fail""],[""fail"",""fail"",""success"",""success"",""fail"",""success"",""fail"",""fail""],[""fail"",""fail"",""fail"",""fail"",""fail"",""success"",""fail"",""fail""],[""fail"",""success"",""success"",""fail"",""fail"",""fail"",""success"",""fail""],[""fail"",""success"",""success"",""fail"",""success"",""success"",""success"",""fail""],[""success"",""fail"",""fail"",""fail"",""success"",""success"",""success"",""success""],[""fail"",""fail"",""fail"",""fail"",""success"",""success"",""fail"",""success""],[""success"",""success"",""fail"",""fail"",""success"",""success"",""success"",""success""],[""fail"",""success"",""success"",""fail"",""fail"",""success"",""success"",""success""]],""turn"":2,""action"":[1,1,0,1,1,1,0,1],""viewed_fails"":[""0"",""0"",""fail"",""0"",""0"",""0"",""fail"",""success""]}"
31,2018-01-09 16:44:44.797081,,,,,,f,,info,17,2,"{""set"":3,""fails"":[[""success"",""fail"",""success"",""success"",""success"",""fail"",""success"",""fail""],[""success"",""success"",""fail"",""fail"",""success"",""fail"",""fail"",""success""],[""fail"",""success"",""fail"",""fail"",""fail"",""fail"",""fail"",""success""],[""fail"",""success"",""fail"",""fail"",""success"",""fail"",""fail"",""success""],[""fail"",""fail"",""fail"",""fail"",""success"",""success"",""success"",""fail""],[""fail"",""fail"",""fail"",""success"",""success"",""fail"",""fail"",""fail""],[""fail"",""success"",""fail"",""fail"",""success"",""fail"",""success"",""fail""],[""success"",""success"",""success"",""fail"",""fail"",""fail"",""success"",""fail""],[""success"",""success"",""success"",""fail"",""success"",""success"",""success"",""fail""],[""fail"",""success"",""fail"",""fail"",""fail"",""success"",""fail"",""success""],[""fail"",""success"",""success"",""fail"",""fail"",""success"",""success"",""success""],[""fail"",""fail"",""fail"",""success"",""success"",""fail"",""success"",""fail""],[""fail"",""fail"",""fail"",""fail"",""success"",""fail"",""success"",""fail""],[""fail"",""success"",""success"",""fail"",""success"",""success"",""success"",""success""],[""fail"",""success"",""fail"",""fail"",""success"",""fail"",""fail"",""success""],[""fail"",""fail"",""fail"",""success"",""success"",""fail"",""fail"",""fail""],[""success"",""success"",""fail"",""fail"",""success"",""fail"",""success"",""success""],[""success"",""fail"",""success"",""fail"",""success"",""fail"",""fail"",""fail""],[""success"",""success"",""fail"",""fail"",""fail"",""success"",""success"",""success""],[""fail"",""success"",""fail"",""success"",""fail"",""fail"",""fail"",""fail""]],""turn"":2,""action"":[0,1,1,1,0,0,0,0],""viewed_fails"":[""0"",""0"",""success"",""success"",""0"",""fail"",""0"",""fail""]}"
32,2018-01-09 16:45:02.878608,,,,,,f,,info,18,1,"{""set"":2,""fails"":[[""fail"",""success"",""fail"",""fail"",""fail"",""success"",""fail"",""success""],[""success"",""success"",""fail"",""success"",""success"",""success"",""success"",""fail""],[""fail"",""fail"",""success"",""success"",""fail"",""success"",""success"",""success""],[""fail"",""fail"",""fail"",""success"",""success"",""success"",""fail"",""fail""],[""success"",""success"",""fail"",""success"",""success"",""fail"",""success"",""success""],[""success"",""success"",""success"",""fail"",""fail"",""success"",""fail"",""success""],[""success"",""success"",""fail"",""success"",""success"",""success"",""fail"",""fail""],[""success"",""fail"",""fail"",""success"",""success"",""fail"",""success"",""success""],[""fail"",""success"",""fail"",""fail"",""success"",""fail"",""fail"",""success""],[""fail"",""success"",""fail"",""success"",""success"",""success"",""success"",""fail""],[""success"",""fail"",""fail"",""success"",""fail"",""success"",""fail"",""fail""],[""success"",""success"",""success"",""success"",""fail"",""fail"",""fail"",""fail""],[""fail"",""fail"",""success"",""success"",""fail"",""success"",""fail"",""fail""],[""fail"",""fail"",""fail"",""fail"",""fail"",""success"",""fail"",""fail""],[""fail"",""success"",""success"",""fail"",""fail"",""fail"",""success"",""fail""],[""fail"",""success"",""success"",""fail"",""success"",""success"",""success"",""fail""],[""success"",""fail"",""fail"",""fail"",""success"",""success"",""success"",""success""],[""fail"",""fail"",""fail"",""fail"",""success"",""success"",""fail"",""success""],[""success"",""success"",""fail"",""fail"",""success"",""success"",""success"",""success""],[""fail"",""success"",""success"",""fail"",""fail"",""success"",""success"",""success""]],""turn"":2,""action"":[0,1,0,0,0,1,1,1],""viewed_fails"":[""fail"",""success"",""fail"",""0"",""fail"",""success"",""0"",""0""]}"
33,2018-01-09 16:47:35.483146,,,,,,f,,info,19,2,"{""set"":3,""fails"":[[""success"",""fail"",""success"",""success"",""success"",""fail"",""success"",""fail""],[""success"",""success"",""fail"",""fail"",""success"",""fail"",""fail"",""success""],[""fail"",""success"",""fail"",""fail"",""fail"",""fail"",""fail"",""success""],[""fail"",""success"",""fail"",""fail"",""success"",""fail"",""fail"",""success""],[""fail"",""fail"",""fail"",""fail"",""success"",""success"",""success"",""fail""],[""fail"",""fail"",""fail"",""success"",""success"",""fail"",""fail"",""fail""],[""fail"",""success"",""fail"",""fail"",""success"",""fail"",""success"",""fail""],[""success"",""success"",""success"",""fail"",""fail"",""fail"",""success"",""fail""],[""success"",""success"",""success"",""fail"",""success"",""success"",""success"",""fail""],[""fail"",""success"",""fail"",""fail"",""fail"",""success"",""fail"",""success""],[""fail"",""success"",""success"",""fail"",""fail"",""success"",""success"",""success""],[""fail"",""fail"",""fail"",""success"",""success"",""fail"",""success"",""fail""],[""fail"",""fail"",""fail"",""fail"",""success"",""fail"",""success"",""fail""],[""fail"",""success"",""success"",""fail"",""success"",""success"",""success"",""success""],[""fail"",""success"",""fail"",""fail"",""success"",""fail"",""fail"",""success""],[""fail"",""fail"",""fail"",""success"",""success"",""fail"",""fail"",""fail""],[""success"",""success"",""fail"",""fail"",""success"",""fail"",""success"",""success""],[""success"",""fail"",""success"",""fail"",""success"",""fail"",""fail"",""fail""],[""success"",""success"",""fail"",""fail"",""fail"",""success"",""success"",""success""],[""fail"",""success"",""fail"",""success"",""fail"",""fail"",""fail"",""fail""]],""turn"":3,""action"":[0,0,0,0,1,0,1,0],""viewed_fails"":[""0"",""0"",""fail"",""fail"",""0"",""0"",""0"",""0""]}"
34,2018-01-09 16:47:47.475127,,,,,,f,,info,20,1,"{""set"":2,""fails"":[[""fail"",""success"",""fail"",""fail"",""fail"",""success"",""fail"",""success""],[""success"",""success"",""fail"",""success"",""success"",""success"",""success"",""fail""],[""fail"",""fail"",""success"",""success"",""fail"",""success"",""success"",""success""],[""fail"",""fail"",""fail"",""success"",""success"",""success"",""fail"",""fail""],[""success"",""success"",""fail"",""success"",""success"",""fail"",""success"",""success""],[""success"",""success"",""success"",""fail"",""fail"",""success"",""fail"",""success""],[""success"",""success"",""fail"",""success"",""success"",""success"",""fail"",""fail""],[""success"",""fail"",""fail"",""success"",""success"",""fail"",""success"",""success""],[""fail"",""success"",""fail"",""fail"",""success"",""fail"",""fail"",""success""],[""fail"",""success"",""fail"",""success"",""success"",""success"",""success"",""fail""],[""success"",""fail"",""fail"",""success"",""fail"",""success"",""fail"",""fail""],[""success"",""success"",""success"",""success"",""fail"",""fail"",""fail"",""fail""],[""fail"",""fail"",""success"",""success"",""fail"",""success"",""fail"",""fail""],[""fail"",""fail"",""fail"",""fail"",""fail"",""success"",""fail"",""fail""],[""fail"",""success"",""success"",""fail"",""fail"",""fail"",""success"",""fail""],[""fail"",""success"",""success"",""fail"",""success"",""success"",""success"",""fail""],[""success"",""fail"",""fail"",""fail"",""success"",""success"",""success"",""success""],[""fail"",""fail"",""fail"",""fail"",""success"",""success"",""fail"",""success""],[""success"",""success"",""fail"",""fail"",""success"",""success"",""success"",""success""],[""fail"",""success"",""success"",""fail"",""fail"",""success"",""success"",""success""]],""turn"":3,""action"":[0,1,0,1,0,1,0,0],""viewed_fails"":[""success"",""success"",""0"",""success"",""success"",""success"",""0"",""fail""]}"
35,2018-01-09 17:22:11.993546,,,,,,f,,info,21,2,"{""set"":3,""fails"":[[""success"",""fail"",""success"",""success"",""success"",""fail"",""success"",""fail""],[""success"",""success"",""fail"",""fail"",""success"",""fail"",""fail"",""success""],[""fail"",""success"",""fail"",""fail"",""fail"",""fail"",""fail"",""success""],[""fail"",""success"",""fail"",""fail"",""success"",""fail"",""fail"",""success""],[""fail"",""fail"",""fail"",""fail"",""success"",""success"",""success"",""fail""],[""fail"",""fail"",""fail"",""success"",""success"",""fail"",""fail"",""fail""],[""fail"",""success"",""fail"",""fail"",""success"",""fail"",""success"",""fail""],[""success"",""success"",""success"",""fail"",""fail"",""fail"",""success"",""fail""],[""success"",""success"",""success"",""fail"",""success"",""success"",""success"",""fail""],[""fail"",""success"",""fail"",""fail"",""fail"",""success"",""fail"",""success""],[""fail"",""success"",""success"",""fail"",""fail"",""success"",""success"",""success""],[""fail"",""fail"",""fail"",""success"",""success"",""fail"",""success"",""fail""],[""fail"",""fail"",""fail"",""fail"",""success"",""fail"",""success"",""fail""],[""fail"",""success"",""success"",""fail"",""success"",""success"",""success"",""success""],[""fail"",""success"",""fail"",""fail"",""success"",""fail"",""fail"",""success""],[""fail"",""fail"",""fail"",""success"",""success"",""fail"",""fail"",""fail""],[""success"",""success"",""fail"",""fail"",""success"",""fail"",""success"",""success""],[""success"",""fail"",""success"",""fail"",""success"",""fail"",""fail"",""fail""],[""success"",""success"",""fail"",""fail"",""fail"",""success"",""success"",""success""],[""fail"",""success"",""fail"",""success"",""fail"",""fail"",""fail"",""fail""]],""turn"":3,""action"":[0,1,0,0,1,1,0,0],""viewed_fails"":[""0"",""0"",""fail"",""fail"",""0"",""0"",""0"",""0""]}"
36,2018-01-09 17:22:36.52674,,,,,,f,,info,22,1,"{""set"":2,""fails"":[[""fail"",""success"",""fail"",""fail"",""fail"",""success"",""fail"",""success""],[""success"",""success"",""fail"",""success"",""success"",""success"",""success"",""fail""],[""fail"",""fail"",""success"",""success"",""fail"",""success"",""success"",""success""],[""fail"",""fail"",""fail"",""success"",""success"",""success"",""fail"",""fail""],[""success"",""success"",""fail"",""success"",""success"",""fail"",""success"",""success""],[""success"",""success"",""success"",""fail"",""fail"",""success"",""fail"",""success""],[""success"",""success"",""fail"",""success"",""success"",""success"",""fail"",""fail""],[""success"",""fail"",""fail"",""success"",""success"",""fail"",""success"",""success""],[""fail"",""success"",""fail"",""fail"",""success"",""fail"",""fail"",""success""],[""fail"",""success"",""fail"",""success"",""success"",""success"",""success"",""fail""],[""success"",""fail"",""fail"",""success"",""fail"",""success"",""fail"",""fail""],[""success"",""success"",""success"",""success"",""fail"",""fail"",""fail"",""fail""],[""fail"",""fail"",""success"",""success"",""fail"",""success"",""fail"",""fail""],[""fail"",""fail"",""fail"",""fail"",""fail"",""success"",""fail"",""fail""],[""fail"",""success"",""success"",""fail"",""fail"",""fail"",""success"",""fail""],[""fail"",""success"",""success"",""fail"",""success"",""success"",""success"",""fail""],[""success"",""fail"",""fail"",""fail"",""success"",""success"",""success"",""success""],[""fail"",""fail"",""fail"",""fail"",""success"",""success"",""fail"",""success""],[""success"",""success"",""fail"",""fail"",""success"",""success"",""success"",""success""],[""fail"",""success"",""success"",""fail"",""fail"",""success"",""success"",""success""]],""turn"":3,""action"":[1,1,1,1,1,1,1,0],""viewed_fails"":[""success"",""success"",""0"",""0"",""success"",""0"",""0"",""fail""]}"
37,2018-01-09 17:51:26.729259,,,,,,f,,info,23,1,"{""set"":2,""fails"":[[""fail"",""success"",""fail"",""fail"",""fail"",""success"",""fail"",""success""],[""success"",""success"",""fail"",""success"",""success"",""success"",""success"",""fail""],[""fail"",""fail"",""success"",""success"",""fail"",""success"",""success"",""success""],[""fail"",""fail"",""fail"",""success"",""success"",""success"",""fail"",""fail""],[""success"",""success"",""fail"",""success"",""success"",""fail"",""success"",""success""],[""success"",""success"",""success"",""fail"",""fail"",""success"",""fail"",""success""],[""success"",""success"",""fail"",""success"",""success"",""success"",""fail"",""fail""],[""success"",""fail"",""fail"",""success"",""success"",""fail"",""success"",""success""],[""fail"",""success"",""fail"",""fail"",""success"",""fail"",""fail"",""success""],[""fail"",""success"",""fail"",""success"",""success"",""success"",""success"",""fail""],[""success"",""fail"",""fail"",""success"",""fail"",""success"",""fail"",""fail""],[""success"",""success"",""success"",""success"",""fail"",""fail"",""fail"",""fail""],[""fail"",""fail"",""success"",""success"",""fail"",""success"",""fail"",""fail""],[""fail"",""fail"",""fail"",""fail"",""fail"",""success"",""fail"",""fail""],[""fail"",""success"",""success"",""fail"",""fail"",""fail"",""success"",""fail""],[""fail"",""success"",""success"",""fail"",""success"",""success"",""success"",""fail""],[""success"",""fail"",""fail"",""fail"",""success"",""success"",""success"",""success""],[""fail"",""fail"",""fail"",""fail"",""success"",""success"",""fail"",""success""],[""success"",""success"",""fail"",""fail"",""success"",""success"",""success"",""success""],[""fail"",""success"",""success"",""fail"",""fail"",""success"",""success"",""success""]],""turn"":3,""action"":[1,1,1,1,1,1,1,0],""viewed_fails"":[""0"",""success"",""0"",""0"",""0"",""success"",""success"",""fail""]}"
41,2018-01-09 18:14:08.083153,,,,,,f,,info,27,1,"{""set"":2,""fails"":[[""fail"",""success"",""fail"",""fail"",""fail"",""success"",""fail"",""success""],[""success"",""success"",""fail"",""success"",""success"",""success"",""success"",""fail""],[""fail"",""fail"",""success"",""success"",""fail"",""success"",""success"",""success""],[""fail"",""fail"",""fail"",""success"",""success"",""success"",""fail"",""fail""],[""success"",""success"",""fail"",""success"",""success"",""fail"",""success"",""success""],[""success"",""success"",""success"",""fail"",""fail"",""success"",""fail"",""success""],[""success"",""success"",""fail"",""success"",""success"",""success"",""fail"",""fail""],[""success"",""fail"",""fail"",""success"",""success"",""fail"",""success"",""success""],[""fail"",""success"",""fail"",""fail"",""success"",""fail"",""fail"",""success""],[""fail"",""success"",""fail"",""success"",""success"",""success"",""success"",""fail""],[""success"",""fail"",""fail"",""success"",""fail"",""success"",""fail"",""fail""],[""success"",""success"",""success"",""success"",""fail"",""fail"",""fail"",""fail""],[""fail"",""fail"",""success"",""success"",""fail"",""success"",""fail"",""fail""],[""fail"",""fail"",""fail"",""fail"",""fail"",""success"",""fail"",""fail""],[""fail"",""success"",""success"",""fail"",""fail"",""fail"",""success"",""fail""],[""fail"",""success"",""success"",""fail"",""success"",""success"",""success"",""fail""],[""success"",""fail"",""fail"",""fail"",""success"",""success"",""success"",""success""],[""fail"",""fail"",""fail"",""fail"",""success"",""success"",""fail"",""success""],[""success"",""success"",""fail"",""fail"",""success"",""success"",""success"",""success""],[""fail"",""success"",""success"",""fail"",""fail"",""success"",""success"",""success""]],""turn"":4,""action"":[0,0,0,1,0,1,1,1],""viewed_fails"":[""0"",""fail"",""0"",""success"",""0"",""success"",""success"",""0""]}"
48,2018-01-09 19:03:42.030625,,,,,,f,,info,34,1,"{""set"":2,""fails"":[[""fail"",""success"",""fail"",""fail"",""fail"",""success"",""fail"",""success""],[""success"",""success"",""fail"",""success"",""success"",""success"",""success"",""fail""],[""fail"",""fail"",""success"",""success"",""fail"",""success"",""success"",""success""],[""fail"",""fail"",""fail"",""success"",""success"",""success"",""fail"",""fail""],[""success"",""success"",""fail"",""success"",""success"",""fail"",""success"",""success""],[""success"",""success"",""success"",""fail"",""fail"",""success"",""fail"",""success""],[""success"",""success"",""fail"",""success"",""success"",""success"",""fail"",""fail""],[""success"",""fail"",""fail"",""success"",""success"",""fail"",""success"",""success""],[""fail"",""success"",""fail"",""fail"",""success"",""fail"",""fail"",""success""],[""fail"",""success"",""fail"",""success"",""success"",""success"",""success"",""fail""],[""success"",""fail"",""fail"",""success"",""fail"",""success"",""fail"",""fail""],[""success"",""success"",""success"",""success"",""fail"",""fail"",""fail"",""fail""],[""fail"",""fail"",""success"",""success"",""fail"",""success"",""fail"",""fail""],[""fail"",""fail"",""fail"",""fail"",""fail"",""success"",""fail"",""fail""],[""fail"",""success"",""success"",""fail"",""fail"",""fail"",""success"",""fail""],[""fail"",""success"",""success"",""fail"",""success"",""success"",""success"",""fail""],[""success"",""fail"",""fail"",""fail"",""success"",""success"",""success"",""success""],[""fail"",""fail"",""fail"",""fail"",""success"",""success"",""fail"",""success""],[""success"",""success"",""fail"",""fail"",""success"",""success"",""success"",""success""],[""fail"",""success"",""success"",""fail"",""fail"",""success"",""success"",""success""]],""turn"":4,""action"":[0,0,1,1,0,1,1,1],""viewed_fails"":[""fail"",""fail"",""success"",""success"",""fail"",""success"",""success"",""0""]}"
38,2018-01-09 17:51:44.609692,,,,,,f,,info,24,2,"{""set"":3,""fails"":[[""success"",""fail"",""success"",""success"",""success"",""fail"",""success"",""fail""],[""success"",""success"",""fail"",""fail"",""success"",""fail"",""fail"",""success""],[""fail"",""success"",""fail"",""fail"",""fail"",""fail"",""fail"",""success""],[""fail"",""success"",""fail"",""fail"",""success"",""fail"",""fail"",""success""],[""fail"",""fail"",""fail"",""fail"",""success"",""success"",""success"",""fail""],[""fail"",""fail"",""fail"",""success"",""success"",""fail"",""fail"",""fail""],[""fail"",""success"",""fail"",""fail"",""success"",""fail"",""success"",""fail""],[""success"",""success"",""success"",""fail"",""fail"",""fail"",""success"",""fail""],[""success"",""success"",""success"",""fail"",""success"",""success"",""success"",""fail""],[""fail"",""success"",""fail"",""fail"",""fail"",""success"",""fail"",""success""],[""fail"",""success"",""success"",""fail"",""fail"",""success"",""success"",""success""],[""fail"",""fail"",""fail"",""success"",""success"",""fail"",""success"",""fail""],[""fail"",""fail"",""fail"",""fail"",""success"",""fail"",""success"",""fail""],[""fail"",""success"",""success"",""fail"",""success"",""success"",""success"",""success""],[""fail"",""success"",""fail"",""fail"",""success"",""fail"",""fail"",""success""],[""fail"",""fail"",""fail"",""success"",""success"",""fail"",""fail"",""fail""],[""success"",""success"",""fail"",""fail"",""success"",""fail"",""success"",""success""],[""success"",""fail"",""success"",""fail"",""success"",""fail"",""fail"",""fail""],[""success"",""success"",""fail"",""fail"",""fail"",""success"",""success"",""success""],[""fail"",""success"",""fail"",""success"",""fail"",""fail"",""fail"",""fail""]],""turn"":3,""action"":[1,1,1,0,1,1,0,1],""viewed_fails"":[""success"",""0"",""fail"",""fail"",""0"",""0"",""fail"",""0""]}"
39,2018-01-09 17:53:48.758477,,,,,,f,,info,25,1,"{""set"":2,""fails"":[[""fail"",""success"",""fail"",""fail"",""fail"",""success"",""fail"",""success""],[""success"",""success"",""fail"",""success"",""success"",""success"",""success"",""fail""],[""fail"",""fail"",""success"",""success"",""fail"",""success"",""success"",""success""],[""fail"",""fail"",""fail"",""success"",""success"",""success"",""fail"",""fail""],[""success"",""success"",""fail"",""success"",""success"",""fail"",""success"",""success""],[""success"",""success"",""success"",""fail"",""fail"",""success"",""fail"",""success""],[""success"",""success"",""fail"",""success"",""success"",""success"",""fail"",""fail""],[""success"",""fail"",""fail"",""success"",""success"",""fail"",""success"",""success""],[""fail"",""success"",""fail"",""fail"",""success"",""fail"",""fail"",""success""],[""fail"",""success"",""fail"",""success"",""success"",""success"",""success"",""fail""],[""success"",""fail"",""fail"",""success"",""fail"",""success"",""fail"",""fail""],[""success"",""success"",""success"",""success"",""fail"",""fail"",""fail"",""fail""],[""fail"",""fail"",""success"",""success"",""fail"",""success"",""fail"",""fail""],[""fail"",""fail"",""fail"",""fail"",""fail"",""success"",""fail"",""fail""],[""fail"",""success"",""success"",""fail"",""fail"",""fail"",""success"",""fail""],[""fail"",""success"",""success"",""fail"",""success"",""success"",""success"",""fail""],[""success"",""fail"",""fail"",""fail"",""success"",""success"",""success"",""success""],[""fail"",""fail"",""fail"",""fail"",""success"",""success"",""fail"",""success""],[""success"",""success"",""fail"",""fail"",""success"",""success"",""success"",""success""],[""fail"",""success"",""success"",""fail"",""fail"",""success"",""success"",""success""]],""turn"":3,""action"":[0,1,0,1,0,1,1,0],""viewed_fails"":[""0"",""success"",""0"",""0"",""0"",""success"",""success"",""fail""]}"
40,2018-01-09 17:54:02.77497,,,,,,f,,info,26,2,"{""set"":3,""fails"":[[""success"",""fail"",""success"",""success"",""success"",""fail"",""success"",""fail""],[""success"",""success"",""fail"",""fail"",""success"",""fail"",""fail"",""success""],[""fail"",""success"",""fail"",""fail"",""fail"",""fail"",""fail"",""success""],[""fail"",""success"",""fail"",""fail"",""success"",""fail"",""fail"",""success""],[""fail"",""fail"",""fail"",""fail"",""success"",""success"",""success"",""fail""],[""fail"",""fail"",""fail"",""success"",""success"",""fail"",""fail"",""fail""],[""fail"",""success"",""fail"",""fail"",""success"",""fail"",""success"",""fail""],[""success"",""success"",""success"",""fail"",""fail"",""fail"",""success"",""fail""],[""success"",""success"",""success"",""fail"",""success"",""success"",""success"",""fail""],[""fail"",""success"",""fail"",""fail"",""fail"",""success"",""fail"",""success""],[""fail"",""success"",""success"",""fail"",""fail"",""success"",""success"",""success""],[""fail"",""fail"",""fail"",""success"",""success"",""fail"",""success"",""fail""],[""fail"",""fail"",""fail"",""fail"",""success"",""fail"",""success"",""fail""],[""fail"",""success"",""success"",""fail"",""success"",""success"",""success"",""success""],[""fail"",""success"",""fail"",""fail"",""success"",""fail"",""fail"",""success""],[""fail"",""fail"",""fail"",""success"",""success"",""fail"",""fail"",""fail""],[""success"",""success"",""fail"",""fail"",""success"",""fail"",""success"",""success""],[""success"",""fail"",""success"",""fail"",""success"",""fail"",""fail"",""fail""],[""success"",""success"",""fail"",""fail"",""fail"",""success"",""success"",""success""],[""fail"",""success"",""fail"",""success"",""fail"",""fail"",""fail"",""fail""]],""turn"":3,""action"":[1,0,0,1,0,1,0,1],""viewed_fails"":[""success"",""0"",""fail"",""fail"",""0"",""0"",""fail"",""0""]}"
42,2018-01-09 18:14:44.20147,,,,,,f,,info,28,2,"{""set"":3,""fails"":[[""success"",""fail"",""success"",""success"",""success"",""fail"",""success"",""fail""],[""success"",""success"",""fail"",""fail"",""success"",""fail"",""fail"",""success""],[""fail"",""success"",""fail"",""fail"",""fail"",""fail"",""fail"",""success""],[""fail"",""success"",""fail"",""fail"",""success"",""fail"",""fail"",""success""],[""fail"",""fail"",""fail"",""fail"",""success"",""success"",""success"",""fail""],[""fail"",""fail"",""fail"",""success"",""success"",""fail"",""fail"",""fail""],[""fail"",""success"",""fail"",""fail"",""success"",""fail"",""success"",""fail""],[""success"",""success"",""success"",""fail"",""fail"",""fail"",""success"",""fail""],[""success"",""success"",""success"",""fail"",""success"",""success"",""success"",""fail""],[""fail"",""success"",""fail"",""fail"",""fail"",""success"",""fail"",""success""],[""fail"",""success"",""success"",""fail"",""fail"",""success"",""success"",""success""],[""fail"",""fail"",""fail"",""success"",""success"",""fail"",""success"",""fail""],[""fail"",""fail"",""fail"",""fail"",""success"",""fail"",""success"",""fail""],[""fail"",""success"",""success"",""fail"",""success"",""success"",""success"",""success""],[""fail"",""success"",""fail"",""fail"",""success"",""fail"",""fail"",""success""],[""fail"",""fail"",""fail"",""success"",""success"",""fail"",""fail"",""fail""],[""success"",""success"",""fail"",""fail"",""success"",""fail"",""success"",""success""],[""success"",""fail"",""success"",""fail"",""success"",""fail"",""fail"",""fail""],[""success"",""success"",""fail"",""fail"",""fail"",""success"",""success"",""success""],[""fail"",""success"",""fail"",""success"",""fail"",""fail"",""fail"",""fail""]],""turn"":4,""action"":[0,0,0,0,0,0,0,1],""viewed_fails"":[""0"",""0"",""0"",""0"",""fail"",""0"",""fail"",""0""]}"
43,2018-01-09 18:27:52.015554,,,,,,f,,info,29,2,"{""set"":3,""fails"":[[""success"",""fail"",""success"",""success"",""success"",""fail"",""success"",""fail""],[""success"",""success"",""fail"",""fail"",""success"",""fail"",""fail"",""success""],[""fail"",""success"",""fail"",""fail"",""fail"",""fail"",""fail"",""success""],[""fail"",""success"",""fail"",""fail"",""success"",""fail"",""fail"",""success""],[""fail"",""fail"",""fail"",""fail"",""success"",""success"",""success"",""fail""],[""fail"",""fail"",""fail"",""success"",""success"",""fail"",""fail"",""fail""],[""fail"",""success"",""fail"",""fail"",""success"",""fail"",""success"",""fail""],[""success"",""success"",""success"",""fail"",""fail"",""fail"",""success"",""fail""],[""success"",""success"",""success"",""fail"",""success"",""success"",""success"",""fail""],[""fail"",""success"",""fail"",""fail"",""fail"",""success"",""fail"",""success""],[""fail"",""success"",""success"",""fail"",""fail"",""success"",""success"",""success""],[""fail"",""fail"",""fail"",""success"",""success"",""fail"",""success"",""fail""],[""fail"",""fail"",""fail"",""fail"",""success"",""fail"",""success"",""fail""],[""fail"",""success"",""success"",""fail"",""success"",""success"",""success"",""success""],[""fail"",""success"",""fail"",""fail"",""success"",""fail"",""fail"",""success""],[""fail"",""fail"",""fail"",""success"",""success"",""fail"",""fail"",""fail""],[""success"",""success"",""fail"",""fail"",""success"",""fail"",""success"",""success""],[""success"",""fail"",""success"",""fail"",""success"",""fail"",""fail"",""fail""],[""success"",""success"",""fail"",""fail"",""fail"",""success"",""success"",""success""],[""fail"",""success"",""fail"",""success"",""fail"",""fail"",""fail"",""fail""]],""turn"":4,""action"":[0,1,0,0,0,0,0,1],""viewed_fails"":[""fail"",""success"",""fail"",""0"",""fail"",""fail"",""0"",""success""]}"
44,2018-01-09 18:28:00.932998,,,,,,f,,info,30,1,"{""set"":2,""fails"":[[""fail"",""success"",""fail"",""fail"",""fail"",""success"",""fail"",""success""],[""success"",""success"",""fail"",""success"",""success"",""success"",""success"",""fail""],[""fail"",""fail"",""success"",""success"",""fail"",""success"",""success"",""success""],[""fail"",""fail"",""fail"",""success"",""success"",""success"",""fail"",""fail""],[""success"",""success"",""fail"",""success"",""success"",""fail"",""success"",""success""],[""success"",""success"",""success"",""fail"",""fail"",""success"",""fail"",""success""],[""success"",""success"",""fail"",""success"",""success"",""success"",""fail"",""fail""],[""success"",""fail"",""fail"",""success"",""success"",""fail"",""success"",""success""],[""fail"",""success"",""fail"",""fail"",""success"",""fail"",""fail"",""success""],[""fail"",""success"",""fail"",""success"",""success"",""success"",""success"",""fail""],[""success"",""fail"",""fail"",""success"",""fail"",""success"",""fail"",""fail""],[""success"",""success"",""success"",""success"",""fail"",""fail"",""fail"",""fail""],[""fail"",""fail"",""success"",""success"",""fail"",""success"",""fail"",""fail""],[""fail"",""fail"",""fail"",""fail"",""fail"",""success"",""fail"",""fail""],[""fail"",""success"",""success"",""fail"",""fail"",""fail"",""success"",""fail""],[""fail"",""success"",""success"",""fail"",""success"",""success"",""success"",""fail""],[""success"",""fail"",""fail"",""fail"",""success"",""success"",""success"",""success""],[""fail"",""fail"",""fail"",""fail"",""success"",""success"",""fail"",""success""],[""success"",""success"",""fail"",""fail"",""success"",""success"",""success"",""success""],[""fail"",""success"",""success"",""fail"",""fail"",""success"",""success"",""success""]],""turn"":4,""action"":[0,0,0,1,0,1,1,0],""viewed_fails"":[""0"",""fail"",""0"",""success"",""0"",""success"",""success"",""0""]}"
45,2018-01-09 18:33:51.870121,,,,,,f,,info,31,1,"{""set"":2,""fails"":[[""fail"",""success"",""fail"",""fail"",""fail"",""success"",""fail"",""success""],[""success"",""success"",""fail"",""success"",""success"",""success"",""success"",""fail""],[""fail"",""fail"",""success"",""success"",""fail"",""success"",""success"",""success""],[""fail"",""fail"",""fail"",""success"",""success"",""success"",""fail"",""fail""],[""success"",""success"",""fail"",""success"",""success"",""fail"",""success"",""success""],[""success"",""success"",""success"",""fail"",""fail"",""success"",""fail"",""success""],[""success"",""success"",""fail"",""success"",""success"",""success"",""fail"",""fail""],[""success"",""fail"",""fail"",""success"",""success"",""fail"",""success"",""success""],[""fail"",""success"",""fail"",""fail"",""success"",""fail"",""fail"",""success""],[""fail"",""success"",""fail"",""success"",""success"",""success"",""success"",""fail""],[""success"",""fail"",""fail"",""success"",""fail"",""success"",""fail"",""fail""],[""success"",""success"",""success"",""success"",""fail"",""fail"",""fail"",""fail""],[""fail"",""fail"",""success"",""success"",""fail"",""success"",""fail"",""fail""],[""fail"",""fail"",""fail"",""fail"",""fail"",""success"",""fail"",""fail""],[""fail"",""success"",""success"",""fail"",""fail"",""fail"",""success"",""fail""],[""fail"",""success"",""success"",""fail"",""success"",""success"",""success"",""fail""],[""success"",""fail"",""fail"",""fail"",""success"",""success"",""success"",""success""],[""fail"",""fail"",""fail"",""fail"",""success"",""success"",""fail"",""success""],[""success"",""success"",""fail"",""fail"",""success"",""success"",""success"",""success""],[""fail"",""success"",""success"",""fail"",""fail"",""success"",""success"",""success""]],""turn"":4,""action"":[0,0,1,1,0,1,1,0],""viewed_fails"":[""0"",""fail"",""0"",""success"",""0"",""success"",""0"",""0""]}"
46,2018-01-09 18:34:38.902151,,,,,,f,,info,32,2,"{""set"":3,""fails"":[[""success"",""fail"",""success"",""success"",""success"",""fail"",""success"",""fail""],[""success"",""success"",""fail"",""fail"",""success"",""fail"",""fail"",""success""],[""fail"",""success"",""fail"",""fail"",""fail"",""fail"",""fail"",""success""],[""fail"",""success"",""fail"",""fail"",""success"",""fail"",""fail"",""success""],[""fail"",""fail"",""fail"",""fail"",""success"",""success"",""success"",""fail""],[""fail"",""fail"",""fail"",""success"",""success"",""fail"",""fail"",""fail""],[""fail"",""success"",""fail"",""fail"",""success"",""fail"",""success"",""fail""],[""success"",""success"",""success"",""fail"",""fail"",""fail"",""success"",""fail""],[""success"",""success"",""success"",""fail"",""success"",""success"",""success"",""fail""],[""fail"",""success"",""fail"",""fail"",""fail"",""success"",""fail"",""success""],[""fail"",""success"",""success"",""fail"",""fail"",""success"",""success"",""success""],[""fail"",""fail"",""fail"",""success"",""success"",""fail"",""success"",""fail""],[""fail"",""fail"",""fail"",""fail"",""success"",""fail"",""success"",""fail""],[""fail"",""success"",""success"",""fail"",""success"",""success"",""success"",""success""],[""fail"",""success"",""fail"",""fail"",""success"",""fail"",""fail"",""success""],[""fail"",""fail"",""fail"",""success"",""success"",""fail"",""fail"",""fail""],[""success"",""success"",""fail"",""fail"",""success"",""fail"",""success"",""success""],[""success"",""fail"",""success"",""fail"",""success"",""fail"",""fail"",""fail""],[""success"",""success"",""fail"",""fail"",""fail"",""success"",""success"",""success""],[""fail"",""success"",""fail"",""success"",""fail"",""fail"",""fail"",""fail""]],""turn"":4,""action"":[1,1,0,1,0,0,0,1],""viewed_fails"":[""0"",""success"",""0"",""0"",""fail"",""fail"",""0"",""0""]}"
47,2018-01-09 19:03:27.607828,,,,,,f,,info,33,2,"{""set"":3,""fails"":[[""success"",""fail"",""success"",""success"",""success"",""fail"",""success"",""fail""],[""success"",""success"",""fail"",""fail"",""success"",""fail"",""fail"",""success""],[""fail"",""success"",""fail"",""fail"",""fail"",""fail"",""fail"",""success""],[""fail"",""success"",""fail"",""fail"",""success"",""fail"",""fail"",""success""],[""fail"",""fail"",""fail"",""fail"",""success"",""success"",""success"",""fail""],[""fail"",""fail"",""fail"",""success"",""success"",""fail"",""fail"",""fail""],[""fail"",""success"",""fail"",""fail"",""success"",""fail"",""success"",""fail""],[""success"",""success"",""success"",""fail"",""fail"",""fail"",""success"",""fail""],[""success"",""success"",""success"",""fail"",""success"",""success"",""success"",""fail""],[""fail"",""success"",""fail"",""fail"",""fail"",""success"",""fail"",""success""],[""fail"",""success"",""success"",""fail"",""fail"",""success"",""success"",""success""],[""fail"",""fail"",""fail"",""success"",""success"",""fail"",""success"",""fail""],[""fail"",""fail"",""fail"",""fail"",""success"",""fail"",""success"",""fail""],[""fail"",""success"",""success"",""fail"",""success"",""success"",""success"",""success""],[""fail"",""success"",""fail"",""fail"",""success"",""fail"",""fail"",""success""],[""fail"",""fail"",""fail"",""success"",""success"",""fail"",""fail"",""fail""],[""success"",""success"",""fail"",""fail"",""success"",""fail"",""success"",""success""],[""success"",""fail"",""success"",""fail"",""success"",""fail"",""fail"",""fail""],[""success"",""success"",""fail"",""fail"",""fail"",""success"",""success"",""success""],[""fail"",""success"",""fail"",""success"",""fail"",""fail"",""fail"",""fail""]],""turn"":4,""action"":[1,1,1,1,0,0,1,1],""viewed_fails"":[""0"",""success"",""0"",""0"",""fail"",""fail"",""0"",""0""]}"
